,brms_rider_id,crm_time,rgn2_nm,order_count
0,017890F1919069404DF7C588109CFE89A4FA7A68E176BAFE8CCDB2EBECB2D800,1st_time,강남구,16
1,017890F1919069404DF7C588109CFE89A4FA7A68E176BAFE8CCDB2EBECB2D800,1st_time,서초구,39
2,017890F1919069404DF7C588109CFE89A4FA7A68E176BAFE8CCDB2EBECB2D800,2nd_time,강남구,18
3,017890F1919069404DF7C588109CFE89A4FA7A68E176BAFE8CCDB2EBECB2D800,2nd_time,서초구,55
4,01C15611B4FFB3A2CE27273B1B82A4099FF3A5D9EC65539D7A94DE7BE57DC212,1st_time,서초구,3
5,01C15611B4FFB3A2CE27273B1B82A4099FF3A5D9EC65539D7A94DE7BE57DC212,2nd_time,강남구,8
6,01C15611B4FFB3A2CE27273B1B82A4099FF3A5D9EC65539D7A94DE7BE57DC212,2nd_time,관악구,1
7,01C15611B4FFB3A2CE27273B1B82A4099FF3A5D9EC65539D7A94DE7BE57DC212,2nd_time,동작구,18
8,01C15611B4FFB3A2CE27273B1B82A4099FF3A5D9EC65539D7A94DE7BE57DC212,2nd_time,서초구,24
9,01D1C3CE700FCDF067D054D848AD3D0BE5FB564803B32A5824974A2FE3BEF5CF,1st_time,청주시 서원구,8
10,01D1C3CE700FCDF067D054D848AD3D0BE5FB564803B32A5824974A2FE3BEF5CF,2nd_time,청주시 서원구,6
11,01D1C3CE700FCDF067D054D848AD3D0BE5FB564803B32A5824974A2FE3BEF5CF,2nd_time,청주시 흥덕구,1
12,02E1C6A1A6517BE55F007ECD6D71119218DC92D4113EC3A2F2F0C8A3D49F1224,1st_time,과천시,18
13,02E1C6A1A6517BE55F007ECD6D71119218DC92D4113EC3A2F2F0C8A3D49F1224,1st_time,안양시 동안구,1
14,02E1C6A1A6517BE55F007ECD6D71119218DC92D4113EC3A2F2F0C8A3D49F1224,2nd_time,과천시,21
15,02E1C6A1A6517BE55F007ECD6D71119218DC92D4113EC3A2F2F0C8A3D49F1224,2nd_time,안양시 동안구,1
16,035D5573EAE34AC43E30598455EBAA10E492C3CECF598BAB25AB76C796598C11,1st_time,동작구,1
17,035D5573EAE34AC43E30598455EBAA10E492C3CECF598BAB25AB76C796598C11,1st_time,서초구,49
18,035D5573EAE34AC43E30598455EBAA10E492C3CECF598BAB25AB76C796598C11,2nd_time,동작구,4
19,035D5573EAE34AC43E30598455EBAA10E492C3CECF598BAB25AB76C796598C11,2nd_time,서초구,65
20,037B823CD2363D02C7DA4563734B395F01BCB95CD5B6AEA85FEF2630FB353CBC,1st_time,관악구,2
21,037B823CD2363D02C7DA4563734B395F01BCB95CD5B6AEA85FEF2630FB353CBC,1st_time,동작구,4
22,037B823CD2363D02C7DA4563734B395F01BCB95CD5B6AEA85FEF2630FB353CBC,1st_time,서초구,35
23,037B823CD2363D02C7DA4563734B395F01BCB95CD5B6AEA85FEF2630FB353CBC,2nd_time,관악구,1
24,037B823CD2363D02C7DA4563734B395F01BCB95CD5B6AEA85FEF2630FB353CBC,2nd_time,동작구,4
25,037B823CD2363D02C7DA4563734B395F01BCB95CD5B6AEA85FEF2630FB353CBC,2nd_time,서초구,9
26,05D61BAEF38B7E6394C28CA7037098DEB89F613F331B6A80D21132ED55EC059A,1st_time,청주시 서원구,2
27,05D61BAEF38B7E6394C28CA7037098DEB89F613F331B6A80D21132ED55EC059A,1st_time,청주시 흥덕구,17
28,05D61BAEF38B7E6394C28CA7037098DEB89F613F331B6A80D21132ED55EC059A,2nd_time,청주시 흥덕구,14
29,070326B2F39293FC610B9BFF8CCF9F46570984E4CF43E3459EFB20FB447B0F68,1st_time,강남구,3
30,070326B2F39293FC610B9BFF8CCF9F46570984E4CF43E3459EFB20FB447B0F68,1st_time,서초구,26
31,070326B2F39293FC610B9BFF8CCF9F46570984E4CF43E3459EFB20FB447B0F68,2nd_time,강남구,1
32,070326B2F39293FC610B9BFF8CCF9F46570984E4CF43E3459EFB20FB447B0F68,2nd_time,서초구,50
33,09BFE0A7C046663D4066625AF02B1BFED691EACE7B358A0042ECB70BB81B7F5C,2nd_time,청주시 서원구,1
34,09BFE0A7C046663D4066625AF02B1BFED691EACE7B358A0042ECB70BB81B7F5C,2nd_time,청주시 흥덕구,26
35,0A9E97352BD8D48ED13427B2DE91BD657E4BAE3AE31974CA798EA99E93C969A4,1st_time,강남구,1
36,0A9E97352BD8D48ED13427B2DE91BD657E4BAE3AE31974CA798EA99E93C969A4,1st_time,서초구,48
37,0A9E97352BD8D48ED13427B2DE91BD657E4BAE3AE31974CA798EA99E93C969A4,2nd_time,강남구,1
38,0A9E97352BD8D48ED13427B2DE91BD657E4BAE3AE31974CA798EA99E93C969A4,2nd_time,서초구,68
39,0CCCEFEDA39271D9AB7A9A420E0AF2D1B4F9A42262522A26720586C9E5186981,1st_time,청주시 상당구,2
40,0CCCEFEDA39271D9AB7A9A420E0AF2D1B4F9A42262522A26720586C9E5186981,1st_time,청주시 서원구,13
41,0CCCEFEDA39271D9AB7A9A420E0AF2D1B4F9A42262522A26720586C9E5186981,1st_time,청주시 청원구,1
42,0CCCEFEDA39271D9AB7A9A420E0AF2D1B4F9A42262522A26720586C9E5186981,1st_time,청주시 흥덕구,41
43,0CCCEFEDA39271D9AB7A9A420E0AF2D1B4F9A42262522A26720586C9E5186981,2nd_time,청주시 서원구,13
44,0CCCEFEDA39271D9AB7A9A420E0AF2D1B4F9A42262522A26720586C9E5186981,2nd_time,청주시 흥덕구,48
45,0F67BF3FB71FF360D805F98B6492D9FA0C4A5F355F3E5972A3847CE761AFBD41,1st_time,동작구,2
46,0F67BF3FB71FF360D805F98B6492D9FA0C4A5F355F3E5972A3847CE761AFBD41,1st_time,서초구,9
47,0F67BF3FB71FF360D805F98B6492D9FA0C4A5F355F3E5972A3847CE761AFBD41,2nd_time,서초구,31
48,11E78B1163A39D4A6F88F279C71B4142FE61441CBFA8ACBFC60B62142698A7EA,1st_time,강남구,11
49,11E78B1163A39D4A6F88F279C71B4142FE61441CBFA8ACBFC60B62142698A7EA,1st_time,서초구,18
50,11E78B1163A39D4A6F88F279C71B4142FE61441CBFA8ACBFC60B62142698A7EA,2nd_time,강남구,16
51,11E78B1163A39D4A6F88F279C71B4142FE61441CBFA8ACBFC60B62142698A7EA,2nd_time,서초구,22
52,1280FAE071CDA20E0C067AFD63AC7E806C3607FE57A7452FC8917DB9B3B487EB,1st_time,청주시 서원구,24
53,1280FAE071CDA20E0C067AFD63AC7E806C3607FE57A7452FC8917DB9B3B487EB,1st_time,청주시 흥덕구,49
54,1280FAE071CDA20E0C067AFD63AC7E806C3607FE57A7452FC8917DB9B3B487EB,2nd_time,청주시 상당구,5
55,1280FAE071CDA20E0C067AFD63AC7E806C3607FE57A7452FC8917DB9B3B487EB,2nd_time,청주시 서원구,61
56,1280FAE071CDA20E0C067AFD63AC7E806C3607FE57A7452FC8917DB9B3B487EB,2nd_time,청주시 흥덕구,77
57,135C21BFA163D2BE96EBA3DDC0AC07C06583CB7CCB39990088F4D658FD63C83E,1st_time,서초구,27
58,135C21BFA163D2BE96EBA3DDC0AC07C06583CB7CCB39990088F4D658FD63C83E,2nd_time,강남구,1
59,135C21BFA163D2BE96EBA3DDC0AC07C06583CB7CCB39990088F4D658FD63C83E,2nd_time,서초구,48
60,13853E562018F28D966AEF4608FE10ED2948B55637B9B1117A5AEB59FE429709,1st_time,강남구,24
61,13853E562018F28D966AEF4608FE10ED2948B55637B9B1117A5AEB59FE429709,1st_time,서초구,13
62,13853E562018F28D966AEF4608FE10ED2948B55637B9B1117A5AEB59FE429709,2nd_time,강남구,6
63,13853E562018F28D966AEF4608FE10ED2948B55637B9B1117A5AEB59FE429709,2nd_time,서초구,6
64,1428616814E604F6049DB15EA5E090E5D733024F25EDA51BA3914989D260F71F,1st_time,청주시 상당구,2
65,1428616814E604F6049DB15EA5E090E5D733024F25EDA51BA3914989D260F71F,1st_time,청주시 서원구,16
66,1428616814E604F6049DB15EA5E090E5D733024F25EDA51BA3914989D260F71F,1st_time,청주시 흥덕구,1
67,1428616814E604F6049DB15EA5E090E5D733024F25EDA51BA3914989D260F71F,2nd_time,청주시 상당구,6
68,1428616814E604F6049DB15EA5E090E5D733024F25EDA51BA3914989D260F71F,2nd_time,청주시 서원구,24
69,1428616814E604F6049DB15EA5E090E5D733024F25EDA51BA3914989D260F71F,2nd_time,청주시 흥덕구,6
70,1463011F7D568A474FD7ACB4C83D24C6195C7DD8679EA9381A5EF5D6DC62F087,1st_time,과천시,27
71,1463011F7D568A474FD7ACB4C83D24C6195C7DD8679EA9381A5EF5D6DC62F087,1st_time,의왕시,1
72,1463011F7D568A474FD7ACB4C83D24C6195C7DD8679EA9381A5EF5D6DC62F087,2nd_time,과천시,22
73,1463011F7D568A474FD7ACB4C83D24C6195C7DD8679EA9381A5EF5D6DC62F087,2nd_time,안양시 동안구,18
74,1463011F7D568A474FD7ACB4C83D24C6195C7DD8679EA9381A5EF5D6DC62F087,2nd_time,의왕시,11
75,156275EC8B46FC22636E85726E791917402CCE2F1C0CBE614023DD118411D050,1st_time,강남구,12
76,156275EC8B46FC22636E85726E791917402CCE2F1C0CBE614023DD118411D050,1st_time,서초구,26
77,156275EC8B46FC22636E85726E791917402CCE2F1C0CBE614023DD118411D050,2nd_time,강남구,30
78,156275EC8B46FC22636E85726E791917402CCE2F1C0CBE614023DD118411D050,2nd_time,서초구,63
79,15E78CF18DAF76A96F6F0AFEDA277BEA05C9F9BF1D2C66050CE44DEFC05CEBE8,1st_time,청주시 서원구,1
80,15E78CF18DAF76A96F6F0AFEDA277BEA05C9F9BF1D2C66050CE44DEFC05CEBE8,1st_time,청주시 흥덕구,9
81,15E78CF18DAF76A96F6F0AFEDA277BEA05C9F9BF1D2C66050CE44DEFC05CEBE8,2nd_time,청주시 서원구,5
82,15E78CF18DAF76A96F6F0AFEDA277BEA05C9F9BF1D2C66050CE44DEFC05CEBE8,2nd_time,청주시 흥덕구,10
83,18EAAFBAB67B8BEFC6A10BEC9DA8BDD6ECD36AA4FE9F423A4D9EF709089967C5,1st_time,서초구,6
84,18EAAFBAB67B8BEFC6A10BEC9DA8BDD6ECD36AA4FE9F423A4D9EF709089967C5,2nd_time,강남구,12
85,18EAAFBAB67B8BEFC6A10BEC9DA8BDD6ECD36AA4FE9F423A4D9EF709089967C5,2nd_time,마포구,3
86,18EAAFBAB67B8BEFC6A10BEC9DA8BDD6ECD36AA4FE9F423A4D9EF709089967C5,2nd_time,서초구,21
87,1BEC7684403B45D8B049D3CD19A985E848266793A5D4CB84297806DB27C957E9,1st_time,서초구,6
88,1BEC7684403B45D8B049D3CD19A985E848266793A5D4CB84297806DB27C957E9,2nd_time,강남구,4
89,1BEC7684403B45D8B049D3CD19A985E848266793A5D4CB84297806DB27C957E9,2nd_time,관악구,1
90,1BEC7684403B45D8B049D3CD19A985E848266793A5D4CB84297806DB27C957E9,2nd_time,동작구,1
91,1BEC7684403B45D8B049D3CD19A985E848266793A5D4CB84297806DB27C957E9,2nd_time,서초구,21
92,1D898F8ECB4295EABBB536E9926BE39DD7E8078E821CD9A81590ABCD136DDD15,1st_time,청주시 서원구,59
93,1D898F8ECB4295EABBB536E9926BE39DD7E8078E821CD9A81590ABCD136DDD15,1st_time,청주시 흥덕구,72
94,1D898F8ECB4295EABBB536E9926BE39DD7E8078E821CD9A81590ABCD136DDD15,2nd_time,청주시 서원구,69
95,1D898F8ECB4295EABBB536E9926BE39DD7E8078E821CD9A81590ABCD136DDD15,2nd_time,청주시 흥덕구,106
96,20084C5C976D01A8631393CC3243D60E9167B0A3C54A0A93B28E655418470B11,1st_time,강남구,23
97,20084C5C976D01A8631393CC3243D60E9167B0A3C54A0A93B28E655418470B11,1st_time,서초구,32
98,20084C5C976D01A8631393CC3243D60E9167B0A3C54A0A93B28E655418470B11,2nd_time,강남구,3
99,20084C5C976D01A8631393CC3243D60E9167B0A3C54A0A93B28E655418470B11,2nd_time,서초구,5
100,205BE080BC98137D65B1443C17606548B13B03D04FFC52A38A0B42746A747B0B,1st_time,청주시 상당구,10
101,205BE080BC98137D65B1443C17606548B13B03D04FFC52A38A0B42746A747B0B,1st_time,청주시 서원구,20
102,205BE080BC98137D65B1443C17606548B13B03D04FFC52A38A0B42746A747B0B,1st_time,청주시 청원구,3
103,205BE080BC98137D65B1443C17606548B13B03D04FFC52A38A0B42746A747B0B,1st_time,청주시 흥덕구,30
104,205BE080BC98137D65B1443C17606548B13B03D04FFC52A38A0B42746A747B0B,2nd_time,청주시 상당구,1
105,205BE080BC98137D65B1443C17606548B13B03D04FFC52A38A0B42746A747B0B,2nd_time,청주시 서원구,24
106,205BE080BC98137D65B1443C17606548B13B03D04FFC52A38A0B42746A747B0B,2nd_time,청주시 흥덕구,66
107,215D83D0C6A7AAF9D7DA0EB6BF3D6A0CF82C9C82AAEF30F322759B00ED881860,1st_time,청주시 서원구,3
108,215D83D0C6A7AAF9D7DA0EB6BF3D6A0CF82C9C82AAEF30F322759B00ED881860,1st_time,청주시 흥덕구,38
109,215D83D0C6A7AAF9D7DA0EB6BF3D6A0CF82C9C82AAEF30F322759B00ED881860,2nd_time,청주시 서원구,19
110,215D83D0C6A7AAF9D7DA0EB6BF3D6A0CF82C9C82AAEF30F322759B00ED881860,2nd_time,청주시 흥덕구,100
111,217749C215A33B3B5705C687067C4A55F2C35573DCAC5ABD37D47D609E772FB6,1st_time,동작구,11
112,217749C215A33B3B5705C687067C4A55F2C35573DCAC5ABD37D47D609E772FB6,1st_time,서초구,25
113,217749C215A33B3B5705C687067C4A55F2C35573DCAC5ABD37D47D609E772FB6,1st_time,용산구,1
114,217749C215A33B3B5705C687067C4A55F2C35573DCAC5ABD37D47D609E772FB6,2nd_time,동작구,20
115,217749C215A33B3B5705C687067C4A55F2C35573DCAC5ABD37D47D609E772FB6,2nd_time,서초구,25
116,21CE414465885EBADC25010B7BD486442CF89A129B2F317C2FFA8933C5596434,1st_time,강남구,7
117,21CE414465885EBADC25010B7BD486442CF89A129B2F317C2FFA8933C5596434,1st_time,서초구,6
118,21CE414465885EBADC25010B7BD486442CF89A129B2F317C2FFA8933C5596434,2nd_time,강남구,6
119,21CE414465885EBADC25010B7BD486442CF89A129B2F317C2FFA8933C5596434,2nd_time,서초구,42
120,229AB010F89B6AE089A9F3279FBEC94E23B7A6CF2842F859B82CAB66C0FE645D,1st_time,청주시 상당구,10
121,229AB010F89B6AE089A9F3279FBEC94E23B7A6CF2842F859B82CAB66C0FE645D,1st_time,청주시 서원구,3
122,229AB010F89B6AE089A9F3279FBEC94E23B7A6CF2842F859B82CAB66C0FE645D,1st_time,청주시 청원구,3
123,229AB010F89B6AE089A9F3279FBEC94E23B7A6CF2842F859B82CAB66C0FE645D,1st_time,청주시 흥덕구,1
124,229AB010F89B6AE089A9F3279FBEC94E23B7A6CF2842F859B82CAB66C0FE645D,2nd_time,청주시 상당구,1
125,229AB010F89B6AE089A9F3279FBEC94E23B7A6CF2842F859B82CAB66C0FE645D,2nd_time,청주시 청원구,1
126,229AB010F89B6AE089A9F3279FBEC94E23B7A6CF2842F859B82CAB66C0FE645D,2nd_time,청주시 흥덕구,3
127,22B0F590D0269CB16C7958F547BC224C0DF844757C396E49E7560A786DD8BBB7,1st_time,청주시 서원구,2
128,22B0F590D0269CB16C7958F547BC224C0DF844757C396E49E7560A786DD8BBB7,1st_time,청주시 흥덕구,4
129,22B0F590D0269CB16C7958F547BC224C0DF844757C396E49E7560A786DD8BBB7,2nd_time,청주시 서원구,7
130,22B0F590D0269CB16C7958F547BC224C0DF844757C396E49E7560A786DD8BBB7,2nd_time,청주시 청원구,1
131,22B0F590D0269CB16C7958F547BC224C0DF844757C396E49E7560A786DD8BBB7,2nd_time,청주시 흥덕구,3
132,23A04FC22A13E76C9C7DA2F5EE1FDD4EE42BB3DBD83F78F3399EC3CCE041D0F6,1st_time,서초구,19
133,23A04FC22A13E76C9C7DA2F5EE1FDD4EE42BB3DBD83F78F3399EC3CCE041D0F6,2nd_time,서초구,65
134,23E1C135681FDFCA1CBB0D182FCFF2E063C1348BE317603B4526D864A6DCA467,1st_time,청주시 흥덕구,22
135,23E1C135681FDFCA1CBB0D182FCFF2E063C1348BE317603B4526D864A6DCA467,2nd_time,청주시 흥덕구,33
136,23FCE9E8A55EE405117D49382A39BA7077CC98F79360F54C6685A20EAAE38DB8,1st_time,강남구,10
137,23FCE9E8A55EE405117D49382A39BA7077CC98F79360F54C6685A20EAAE38DB8,1st_time,서초구,23
138,23FCE9E8A55EE405117D49382A39BA7077CC98F79360F54C6685A20EAAE38DB8,2nd_time,강남구,4
139,23FCE9E8A55EE405117D49382A39BA7077CC98F79360F54C6685A20EAAE38DB8,2nd_time,동작구,4
140,23FCE9E8A55EE405117D49382A39BA7077CC98F79360F54C6685A20EAAE38DB8,2nd_time,서초구,16
141,276F37CB2576ECDF90CF276B17C5D71B7D851A9D60D4B025E94B4F1E66DB5495,1st_time,서초구,11
142,276F37CB2576ECDF90CF276B17C5D71B7D851A9D60D4B025E94B4F1E66DB5495,2nd_time,관악구,1
143,276F37CB2576ECDF90CF276B17C5D71B7D851A9D60D4B025E94B4F1E66DB5495,2nd_time,동작구,1
144,276F37CB2576ECDF90CF276B17C5D71B7D851A9D60D4B025E94B4F1E66DB5495,2nd_time,서초구,29
145,2796613FB8106F915C24ADF9EDB573A297906DB808DC5FF48E3E0A446EE84316,1st_time,청주시 흥덕구,1
146,2796613FB8106F915C24ADF9EDB573A297906DB808DC5FF48E3E0A446EE84316,2nd_time,청주시 서원구,17
147,2796613FB8106F915C24ADF9EDB573A297906DB808DC5FF48E3E0A446EE84316,2nd_time,청주시 흥덕구,13
148,28172FFD009AC65DC6DD979D060CE96B6904DD905D29A4C025D9E9FCA0296281,1st_time,청주시 상당구,16
149,28172FFD009AC65DC6DD979D060CE96B6904DD905D29A4C025D9E9FCA0296281,1st_time,청주시 서원구,21
150,28172FFD009AC65DC6DD979D060CE96B6904DD905D29A4C025D9E9FCA0296281,1st_time,청주시 청원구,1
151,28172FFD009AC65DC6DD979D060CE96B6904DD905D29A4C025D9E9FCA0296281,1st_time,청주시 흥덕구,39
152,28172FFD009AC65DC6DD979D060CE96B6904DD905D29A4C025D9E9FCA0296281,2nd_time,청주시 상당구,17
153,28172FFD009AC65DC6DD979D060CE96B6904DD905D29A4C025D9E9FCA0296281,2nd_time,청주시 서원구,28
154,28172FFD009AC65DC6DD979D060CE96B6904DD905D29A4C025D9E9FCA0296281,2nd_time,청주시 청원구,7
155,28172FFD009AC65DC6DD979D060CE96B6904DD905D29A4C025D9E9FCA0296281,2nd_time,청주시 흥덕구,25
156,28D660ED284D648C83618D52CC98A95ADD958E56370ECF7155BBBD98C5FB7FD4,1st_time,청주시 상당구,2
157,28D660ED284D648C83618D52CC98A95ADD958E56370ECF7155BBBD98C5FB7FD4,1st_time,청주시 서원구,11
158,28D660ED284D648C83618D52CC98A95ADD958E56370ECF7155BBBD98C5FB7FD4,1st_time,청주시 청원구,1
159,28D660ED284D648C83618D52CC98A95ADD958E56370ECF7155BBBD98C5FB7FD4,1st_time,청주시 흥덕구,13
160,28D660ED284D648C83618D52CC98A95ADD958E56370ECF7155BBBD98C5FB7FD4,2nd_time,청주시 상당구,24
161,28D660ED284D648C83618D52CC98A95ADD958E56370ECF7155BBBD98C5FB7FD4,2nd_time,청주시 서원구,41
162,28D660ED284D648C83618D52CC98A95ADD958E56370ECF7155BBBD98C5FB7FD4,2nd_time,청주시 청원구,7
163,28D660ED284D648C83618D52CC98A95ADD958E56370ECF7155BBBD98C5FB7FD4,2nd_time,청주시 흥덕구,22
164,2BB1A211AC9A1DE9D64098F23749013006CA4F696A6DFC99CB1BFE46D781F757,1st_time,서초구,42
165,2BB1A211AC9A1DE9D64098F23749013006CA4F696A6DFC99CB1BFE46D781F757,2nd_time,강남구,4
166,2BB1A211AC9A1DE9D64098F23749013006CA4F696A6DFC99CB1BFE46D781F757,2nd_time,서초구,42
167,2D1AC685C05DD7B685EA8821B5D3F7BBD5E7C4EFEB3F2943BB56F0E87DDB8528,1st_time,청주시 흥덕구,56
168,2D1AC685C05DD7B685EA8821B5D3F7BBD5E7C4EFEB3F2943BB56F0E87DDB8528,2nd_time,청주시 흥덕구,30
169,2D881D93C16976C08850D9DE5B0D6943BD1BD8720764BA5B91352AFEA1F56119,1st_time,청주시 서원구,4
170,2D881D93C16976C08850D9DE5B0D6943BD1BD8720764BA5B91352AFEA1F56119,1st_time,청주시 흥덕구,2
171,2D881D93C16976C08850D9DE5B0D6943BD1BD8720764BA5B91352AFEA1F56119,2nd_time,청주시 서원구,4
172,2D881D93C16976C08850D9DE5B0D6943BD1BD8720764BA5B91352AFEA1F56119,2nd_time,청주시 흥덕구,2
173,2D9C763AB3F1200A29E11A44BBBC27E405AC678B5837FEC9CDB3A1BDDC6FE982,1st_time,동작구,3
174,2D9C763AB3F1200A29E11A44BBBC27E405AC678B5837FEC9CDB3A1BDDC6FE982,1st_time,서초구,12
175,2D9C763AB3F1200A29E11A44BBBC27E405AC678B5837FEC9CDB3A1BDDC6FE982,2nd_time,강남구,4
176,2D9C763AB3F1200A29E11A44BBBC27E405AC678B5837FEC9CDB3A1BDDC6FE982,2nd_time,동작구,2
177,2D9C763AB3F1200A29E11A44BBBC27E405AC678B5837FEC9CDB3A1BDDC6FE982,2nd_time,서초구,19
178,2E8A784838C9D37ABCAD4E7A4B1B4238A01B89C47338A88B1928214B2D939A5B,1st_time,강남구,9
179,2E8A784838C9D37ABCAD4E7A4B1B4238A01B89C47338A88B1928214B2D939A5B,1st_time,관악구,1
180,2E8A784838C9D37ABCAD4E7A4B1B4238A01B89C47338A88B1928214B2D939A5B,1st_time,동작구,4
181,2E8A784838C9D37ABCAD4E7A4B1B4238A01B89C47338A88B1928214B2D939A5B,1st_time,서초구,22
182,2E8A784838C9D37ABCAD4E7A4B1B4238A01B89C47338A88B1928214B2D939A5B,2nd_time,강남구,10
183,2E8A784838C9D37ABCAD4E7A4B1B4238A01B89C47338A88B1928214B2D939A5B,2nd_time,관악구,12
184,2E8A784838C9D37ABCAD4E7A4B1B4238A01B89C47338A88B1928214B2D939A5B,2nd_time,동작구,3
185,2E8A784838C9D37ABCAD4E7A4B1B4238A01B89C47338A88B1928214B2D939A5B,2nd_time,서초구,50
186,3522E8A640C7B7C8AC6BB7EDE844ACDDBC49FF9EC3C75E88E7E344483890A56D,1st_time,청주시 서원구,3
187,3522E8A640C7B7C8AC6BB7EDE844ACDDBC49FF9EC3C75E88E7E344483890A56D,1st_time,청주시 흥덕구,18
188,3522E8A640C7B7C8AC6BB7EDE844ACDDBC49FF9EC3C75E88E7E344483890A56D,2nd_time,청주시 서원구,1
189,3522E8A640C7B7C8AC6BB7EDE844ACDDBC49FF9EC3C75E88E7E344483890A56D,2nd_time,청주시 흥덕구,13
190,3594262E96EEE8F2AF2E2449F0DC8B44596D1F2AB9644BB8C85BE2529BB2BF29,1st_time,청주시 상당구,2
191,3594262E96EEE8F2AF2E2449F0DC8B44596D1F2AB9644BB8C85BE2529BB2BF29,1st_time,청주시 서원구,25
192,3594262E96EEE8F2AF2E2449F0DC8B44596D1F2AB9644BB8C85BE2529BB2BF29,1st_time,청주시 흥덕구,47
193,3594262E96EEE8F2AF2E2449F0DC8B44596D1F2AB9644BB8C85BE2529BB2BF29,2nd_time,청주시 상당구,11
194,3594262E96EEE8F2AF2E2449F0DC8B44596D1F2AB9644BB8C85BE2529BB2BF29,2nd_time,청주시 서원구,76
195,3594262E96EEE8F2AF2E2449F0DC8B44596D1F2AB9644BB8C85BE2529BB2BF29,2nd_time,청주시 흥덕구,91
196,36C87BFF260BE590BFA36D234AB34B83E4ED3295D23281427566542F7FB7AC1E,1st_time,청주시 서원구,8
197,36C87BFF260BE590BFA36D234AB34B83E4ED3295D23281427566542F7FB7AC1E,1st_time,청주시 흥덕구,1
198,36C87BFF260BE590BFA36D234AB34B83E4ED3295D23281427566542F7FB7AC1E,2nd_time,청주시 서원구,10
199,38416D2FA0B809BA351E6A8464D1A6738572A5DF3CDE703D1584189732B8902D,1st_time,청주시 상당구,3
200,38416D2FA0B809BA351E6A8464D1A6738572A5DF3CDE703D1584189732B8902D,1st_time,청주시 서원구,2
201,38416D2FA0B809BA351E6A8464D1A6738572A5DF3CDE703D1584189732B8902D,2nd_time,청주시 상당구,5
202,38416D2FA0B809BA351E6A8464D1A6738572A5DF3CDE703D1584189732B8902D,2nd_time,청주시 서원구,18
203,395E25AA566E14A480D3798F84920E9868947CF39BE0DEBD3C3379986F693806,1st_time,청주시 서원구,2
204,395E25AA566E14A480D3798F84920E9868947CF39BE0DEBD3C3379986F693806,1st_time,청주시 흥덕구,14
205,395E25AA566E14A480D3798F84920E9868947CF39BE0DEBD3C3379986F693806,2nd_time,청주시 서원구,4
206,395E25AA566E14A480D3798F84920E9868947CF39BE0DEBD3C3379986F693806,2nd_time,청주시 청원구,2
207,395E25AA566E14A480D3798F84920E9868947CF39BE0DEBD3C3379986F693806,2nd_time,청주시 흥덕구,25
208,39807A679C4B6BE229A301D048B63391D5A6DCEA5000FA0CA248824F370BB7AC,1st_time,관악구,3
209,39807A679C4B6BE229A301D048B63391D5A6DCEA5000FA0CA248824F370BB7AC,1st_time,동작구,3
210,39807A679C4B6BE229A301D048B63391D5A6DCEA5000FA0CA248824F370BB7AC,1st_time,서초구,5
211,3AC3FDD4CC2182E4C4FCAB7D8FDCB2B642CF1E50B7D4CDD506DDB9AF1DEE471C,1st_time,청주시 서원구,11
212,3AC3FDD4CC2182E4C4FCAB7D8FDCB2B642CF1E50B7D4CDD506DDB9AF1DEE471C,1st_time,청주시 흥덕구,44
213,3AC3FDD4CC2182E4C4FCAB7D8FDCB2B642CF1E50B7D4CDD506DDB9AF1DEE471C,2nd_time,청주시 흥덕구,1
214,3CB2BF6938E462720CF8F329FCFAEE5D99CF9920C835D2F73BEB23138C33E22A,1st_time,과천시,60
215,3CB2BF6938E462720CF8F329FCFAEE5D99CF9920C835D2F73BEB23138C33E22A,2nd_time,과천시,63
216,3EEF26023DD1BA7E30C45E6A95DF6B61A984CD333FBB254C592E76B9BB838FC1,1st_time,강남구,11
217,3EEF26023DD1BA7E30C45E6A95DF6B61A984CD333FBB254C592E76B9BB838FC1,1st_time,서초구,14
218,3EEF26023DD1BA7E30C45E6A95DF6B61A984CD333FBB254C592E76B9BB838FC1,2nd_time,강남구,11
219,3EEF26023DD1BA7E30C45E6A95DF6B61A984CD333FBB254C592E76B9BB838FC1,2nd_time,서초구,19
220,3FA97926E2379AD092AA2367C233B828FEF988AE1CEB6E877D5F5730FB272790,1st_time,청주시 서원구,15
221,3FA97926E2379AD092AA2367C233B828FEF988AE1CEB6E877D5F5730FB272790,1st_time,청주시 흥덕구,43
222,3FA97926E2379AD092AA2367C233B828FEF988AE1CEB6E877D5F5730FB272790,2nd_time,청주시 서원구,24
223,3FA97926E2379AD092AA2367C233B828FEF988AE1CEB6E877D5F5730FB272790,2nd_time,청주시 흥덕구,103
224,40337C018E77AA2651FC26E309E9541C11516833935D89DDE4208352F6D22A91,1st_time,서초구,12
225,40337C018E77AA2651FC26E309E9541C11516833935D89DDE4208352F6D22A91,2nd_time,강남구,8
226,40337C018E77AA2651FC26E309E9541C11516833935D89DDE4208352F6D22A91,2nd_time,서초구,37
227,442C8A1562A8F2F510EBF31B09DB9CD6F9B904A54FC52BC2BC886754FA841C71,1st_time,과천시,40
228,442C8A1562A8F2F510EBF31B09DB9CD6F9B904A54FC52BC2BC886754FA841C71,2nd_time,과천시,35
229,4436445BF837A609488C3340242AE1F00F5686DDF33E1E451AB28758EEEF110C,1st_time,강남구,11
230,4436445BF837A609488C3340242AE1F00F5686DDF33E1E451AB28758EEEF110C,1st_time,서초구,24
231,4436445BF837A609488C3340242AE1F00F5686DDF33E1E451AB28758EEEF110C,2nd_time,강남구,8
232,4436445BF837A609488C3340242AE1F00F5686DDF33E1E451AB28758EEEF110C,2nd_time,서초구,60
233,45F30742A268432FCAA3B253B7E992E749C3F40E01F07B55B296B3F2D8D51EDB,1st_time,과천시,25
234,45F30742A268432FCAA3B253B7E992E749C3F40E01F07B55B296B3F2D8D51EDB,1st_time,의왕시,1
235,45F30742A268432FCAA3B253B7E992E749C3F40E01F07B55B296B3F2D8D51EDB,2nd_time,과천시,39
236,45F30742A268432FCAA3B253B7E992E749C3F40E01F07B55B296B3F2D8D51EDB,2nd_time,서초구,1
237,45F30742A268432FCAA3B253B7E992E749C3F40E01F07B55B296B3F2D8D51EDB,2nd_time,안양시 동안구,5
238,45F30742A268432FCAA3B253B7E992E749C3F40E01F07B55B296B3F2D8D51EDB,2nd_time,의왕시,3
239,461F0DF0F0EB16FFFCD2D7BFFAD961CB3E1E3B980C8395AC5C9923705155C352,1st_time,청주시 서원구,4
240,461F0DF0F0EB16FFFCD2D7BFFAD961CB3E1E3B980C8395AC5C9923705155C352,1st_time,청주시 흥덕구,7
241,461F0DF0F0EB16FFFCD2D7BFFAD961CB3E1E3B980C8395AC5C9923705155C352,2nd_time,청주시 서원구,4
242,461F0DF0F0EB16FFFCD2D7BFFAD961CB3E1E3B980C8395AC5C9923705155C352,2nd_time,청주시 흥덕구,12
243,469FD038FD0242610591C24158E8D8E59EF5873B9EEB944686D72D7AB18295F1,1st_time,청주시 상당구,8
244,469FD038FD0242610591C24158E8D8E59EF5873B9EEB944686D72D7AB18295F1,1st_time,청주시 서원구,70
245,469FD038FD0242610591C24158E8D8E59EF5873B9EEB944686D72D7AB18295F1,1st_time,청주시 흥덕구,6
246,469FD038FD0242610591C24158E8D8E59EF5873B9EEB944686D72D7AB18295F1,2nd_time,청주시 상당구,21
247,469FD038FD0242610591C24158E8D8E59EF5873B9EEB944686D72D7AB18295F1,2nd_time,청주시 서원구,91
248,469FD038FD0242610591C24158E8D8E59EF5873B9EEB944686D72D7AB18295F1,2nd_time,청주시 흥덕구,2
249,470FF0647131526E05A56794368693E703D309D93F1AA771E52A62F8C976A03D,1st_time,청주시 서원구,23
250,470FF0647131526E05A56794368693E703D309D93F1AA771E52A62F8C976A03D,1st_time,청주시 흥덕구,22
251,470FF0647131526E05A56794368693E703D309D93F1AA771E52A62F8C976A03D,2nd_time,청주시 상당구,5
252,470FF0647131526E05A56794368693E703D309D93F1AA771E52A62F8C976A03D,2nd_time,청주시 서원구,80
253,470FF0647131526E05A56794368693E703D309D93F1AA771E52A62F8C976A03D,2nd_time,청주시 청원구,4
254,470FF0647131526E05A56794368693E703D309D93F1AA771E52A62F8C976A03D,2nd_time,청주시 흥덕구,72
255,48C3E73CAEDC8987E4D0FABF4B1AB014676658EC9E5D49A946AF15DEDCFA5FDD,1st_time,관악구,28
256,48C3E73CAEDC8987E4D0FABF4B1AB014676658EC9E5D49A946AF15DEDCFA5FDD,1st_time,동작구,13
257,48C3E73CAEDC8987E4D0FABF4B1AB014676658EC9E5D49A946AF15DEDCFA5FDD,1st_time,서초구,7
258,48C3E73CAEDC8987E4D0FABF4B1AB014676658EC9E5D49A946AF15DEDCFA5FDD,2nd_time,관악구,31
259,48C3E73CAEDC8987E4D0FABF4B1AB014676658EC9E5D49A946AF15DEDCFA5FDD,2nd_time,동작구,13
260,48C3E73CAEDC8987E4D0FABF4B1AB014676658EC9E5D49A946AF15DEDCFA5FDD,2nd_time,서초구,5
261,4B3AC66E3A589D0E9C67E56558788C2075CE32C574E1A89A3724776350B8E196,1st_time,청주시 서원구,5
262,4B3AC66E3A589D0E9C67E56558788C2075CE32C574E1A89A3724776350B8E196,1st_time,청주시 흥덕구,14
263,4B3AC66E3A589D0E9C67E56558788C2075CE32C574E1A89A3724776350B8E196,2nd_time,청주시 서원구,10
264,4B3AC66E3A589D0E9C67E56558788C2075CE32C574E1A89A3724776350B8E196,2nd_time,청주시 흥덕구,46
265,4E0A1CAE14644D97ABA28DC684AAB0D7EB6E783B1E47577FE938E284A63DC9C6,1st_time,강남구,5
266,4E0A1CAE14644D97ABA28DC684AAB0D7EB6E783B1E47577FE938E284A63DC9C6,1st_time,서초구,3
267,4E0A1CAE14644D97ABA28DC684AAB0D7EB6E783B1E47577FE938E284A63DC9C6,2nd_time,강남구,27
268,4E0A1CAE14644D97ABA28DC684AAB0D7EB6E783B1E47577FE938E284A63DC9C6,2nd_time,서초구,43
269,5022925174CEDD7D0A8471AE5BA88D4CECDCD2FF32A6FD4A2E64216E91F9A21F,1st_time,강남구,10
270,5022925174CEDD7D0A8471AE5BA88D4CECDCD2FF32A6FD4A2E64216E91F9A21F,1st_time,과천시,1
271,5022925174CEDD7D0A8471AE5BA88D4CECDCD2FF32A6FD4A2E64216E91F9A21F,1st_time,서초구,22
272,5022925174CEDD7D0A8471AE5BA88D4CECDCD2FF32A6FD4A2E64216E91F9A21F,2nd_time,강남구,34
273,5022925174CEDD7D0A8471AE5BA88D4CECDCD2FF32A6FD4A2E64216E91F9A21F,2nd_time,서초구,32
274,50834F314C647B25934547D5105672C3F88279F607237A2F1327B5C4B0B2A25E,1st_time,강남구,30
275,50834F314C647B25934547D5105672C3F88279F607237A2F1327B5C4B0B2A25E,1st_time,동작구,3
276,50834F314C647B25934547D5105672C3F88279F607237A2F1327B5C4B0B2A25E,1st_time,서초구,8
277,50834F314C647B25934547D5105672C3F88279F607237A2F1327B5C4B0B2A25E,2nd_time,강남구,36
278,50834F314C647B25934547D5105672C3F88279F607237A2F1327B5C4B0B2A25E,2nd_time,관악구,7
279,50834F314C647B25934547D5105672C3F88279F607237A2F1327B5C4B0B2A25E,2nd_time,동작구,1
280,51811D19A1C251044A48EF19A72040B7FAD0C1432743AC83A0FA13958B0D89B8,1st_time,강남구,2
281,51811D19A1C251044A48EF19A72040B7FAD0C1432743AC83A0FA13958B0D89B8,2nd_time,강남구,1
282,51811D19A1C251044A48EF19A72040B7FAD0C1432743AC83A0FA13958B0D89B8,2nd_time,서초구,5
283,5385F53AC8336EE985F4BF05FD71AEA05A34C39D6A18C1ACBBFD18BF5AE7269E,1st_time,강남구,2
284,5385F53AC8336EE985F4BF05FD71AEA05A34C39D6A18C1ACBBFD18BF5AE7269E,1st_time,서초구,24
285,5385F53AC8336EE985F4BF05FD71AEA05A34C39D6A18C1ACBBFD18BF5AE7269E,2nd_time,강남구,2
286,5385F53AC8336EE985F4BF05FD71AEA05A34C39D6A18C1ACBBFD18BF5AE7269E,2nd_time,마포구,32
287,5385F53AC8336EE985F4BF05FD71AEA05A34C39D6A18C1ACBBFD18BF5AE7269E,2nd_time,서대문구,1
288,5385F53AC8336EE985F4BF05FD71AEA05A34C39D6A18C1ACBBFD18BF5AE7269E,2nd_time,서초구,26
289,55816B3666AB89441D19EB0F3D3BB298A15CF30A3866DA4490C138C23F862E67,1st_time,청주시 흥덕구,1
290,55816B3666AB89441D19EB0F3D3BB298A15CF30A3866DA4490C138C23F862E67,2nd_time,청주시 흥덕구,8
291,55A3443558453AF4129EB3FEAC3FE58A7B36AFB1D2ECE1172E153FE0959A542C,1st_time,청주시 서원구,7
292,55A3443558453AF4129EB3FEAC3FE58A7B36AFB1D2ECE1172E153FE0959A542C,1st_time,청주시 청원구,1
293,55A3443558453AF4129EB3FEAC3FE58A7B36AFB1D2ECE1172E153FE0959A542C,1st_time,청주시 흥덕구,7
294,55A3443558453AF4129EB3FEAC3FE58A7B36AFB1D2ECE1172E153FE0959A542C,2nd_time,청주시 서원구,8
295,55A3443558453AF4129EB3FEAC3FE58A7B36AFB1D2ECE1172E153FE0959A542C,2nd_time,청주시 흥덕구,40
296,56F0361D2F1BA774B835A4E4F7A2A0ADA8A3038F4FFAF0FFB94A5CC2BFC46857,1st_time,청주시 청원구,5
297,56F0361D2F1BA774B835A4E4F7A2A0ADA8A3038F4FFAF0FFB94A5CC2BFC46857,1st_time,청주시 흥덕구,1
298,56F0361D2F1BA774B835A4E4F7A2A0ADA8A3038F4FFAF0FFB94A5CC2BFC46857,2nd_time,청주시 상당구,9
299,56F0361D2F1BA774B835A4E4F7A2A0ADA8A3038F4FFAF0FFB94A5CC2BFC46857,2nd_time,청주시 서원구,24
300,56F0361D2F1BA774B835A4E4F7A2A0ADA8A3038F4FFAF0FFB94A5CC2BFC46857,2nd_time,청주시 흥덕구,15
301,5B23A02F8416383B0E2FDF1EF50659D5D372CBD5BC986B908483BFFCE2724560,1st_time,청주시 서원구,4
302,5B23A02F8416383B0E2FDF1EF50659D5D372CBD5BC986B908483BFFCE2724560,1st_time,청주시 흥덕구,27
303,5B23A02F8416383B0E2FDF1EF50659D5D372CBD5BC986B908483BFFCE2724560,2nd_time,청주시 서원구,3
304,5B23A02F8416383B0E2FDF1EF50659D5D372CBD5BC986B908483BFFCE2724560,2nd_time,청주시 흥덕구,54
305,5C6AC015754B94B1C77C401F5D6235938D9F549458361BE4AF99D9FFCAF8600D,1st_time,청주시 서원구,3
306,5C6AC015754B94B1C77C401F5D6235938D9F549458361BE4AF99D9FFCAF8600D,1st_time,청주시 흥덕구,2
307,5C6AC015754B94B1C77C401F5D6235938D9F549458361BE4AF99D9FFCAF8600D,2nd_time,청주시 서원구,1
308,5C6AC015754B94B1C77C401F5D6235938D9F549458361BE4AF99D9FFCAF8600D,2nd_time,청주시 흥덕구,3
309,5D7CDFD2E03FF67582690AC3A0CF908D40F362D3723B5F8FBAD507C543BA13EB,1st_time,관악구,5
310,5D7CDFD2E03FF67582690AC3A0CF908D40F362D3723B5F8FBAD507C543BA13EB,1st_time,동작구,6
311,5D7CDFD2E03FF67582690AC3A0CF908D40F362D3723B5F8FBAD507C543BA13EB,1st_time,서초구,14
312,5D7CDFD2E03FF67582690AC3A0CF908D40F362D3723B5F8FBAD507C543BA13EB,2nd_time,과천시,1
313,5D7CDFD2E03FF67582690AC3A0CF908D40F362D3723B5F8FBAD507C543BA13EB,2nd_time,관악구,24
314,5D7CDFD2E03FF67582690AC3A0CF908D40F362D3723B5F8FBAD507C543BA13EB,2nd_time,동작구,21
315,5D7CDFD2E03FF67582690AC3A0CF908D40F362D3723B5F8FBAD507C543BA13EB,2nd_time,서초구,46
316,5E5080F3D4E6153B5DE77A9922B741DC16261290E6EC84348355ED3801FE024C,1st_time,강남구,7
317,5E5080F3D4E6153B5DE77A9922B741DC16261290E6EC84348355ED3801FE024C,1st_time,서초구,43
318,5E5080F3D4E6153B5DE77A9922B741DC16261290E6EC84348355ED3801FE024C,2nd_time,강남구,15
319,5E5080F3D4E6153B5DE77A9922B741DC16261290E6EC84348355ED3801FE024C,2nd_time,서초구,50
320,5E6D989BEFC45A31B852847149831710B6CBEDA6CBABFD1AB0E066542F649F98,1st_time,청주시 서원구,5
321,5E6D989BEFC45A31B852847149831710B6CBEDA6CBABFD1AB0E066542F649F98,1st_time,청주시 흥덕구,24
322,5E6D989BEFC45A31B852847149831710B6CBEDA6CBABFD1AB0E066542F649F98,2nd_time,청주시 서원구,12
323,5E6D989BEFC45A31B852847149831710B6CBEDA6CBABFD1AB0E066542F649F98,2nd_time,청주시 흥덕구,54
324,5EA879233AEB5D5070D913FC7BA266ED9E4EFE6FE3AC0B220F91DF34B0E3D66F,1st_time,청주시 서원구,13
325,5EA879233AEB5D5070D913FC7BA266ED9E4EFE6FE3AC0B220F91DF34B0E3D66F,1st_time,청주시 흥덕구,4
326,5EA879233AEB5D5070D913FC7BA266ED9E4EFE6FE3AC0B220F91DF34B0E3D66F,2nd_time,청주시 서원구,3
327,5EA879233AEB5D5070D913FC7BA266ED9E4EFE6FE3AC0B220F91DF34B0E3D66F,2nd_time,청주시 흥덕구,1
328,614F4DCBB05766C162CDAAD06623A152461DA6A0064C76BB2ABD34AD8B0D58E0,1st_time,과천시,2
329,614F4DCBB05766C162CDAAD06623A152461DA6A0064C76BB2ABD34AD8B0D58E0,1st_time,서초구,34
330,614F4DCBB05766C162CDAAD06623A152461DA6A0064C76BB2ABD34AD8B0D58E0,2nd_time,과천시,2
331,614F4DCBB05766C162CDAAD06623A152461DA6A0064C76BB2ABD34AD8B0D58E0,2nd_time,서초구,39
332,62BEE65DFAB2B9603BA21B7791C6076AE329179578C02BF2EC0AC9D380EBCEB9,2nd_time,관악구,1
333,62BEE65DFAB2B9603BA21B7791C6076AE329179578C02BF2EC0AC9D380EBCEB9,2nd_time,동작구,15
334,62BEE65DFAB2B9603BA21B7791C6076AE329179578C02BF2EC0AC9D380EBCEB9,2nd_time,서초구,21
335,62DDAA677A39370D4768407EC6278615C8117098589F1B50B270BB4697356FA4,1st_time,강남구,4
336,62DDAA677A39370D4768407EC6278615C8117098589F1B50B270BB4697356FA4,1st_time,동작구,1
337,62DDAA677A39370D4768407EC6278615C8117098589F1B50B270BB4697356FA4,1st_time,서초구,22
338,62DDAA677A39370D4768407EC6278615C8117098589F1B50B270BB4697356FA4,2nd_time,서초구,15
339,6454E8EBA7C3239A662817632359B13687934DCB3DC008BA3A9E0BE1B209BF84,1st_time,강남구,14
340,6454E8EBA7C3239A662817632359B13687934DCB3DC008BA3A9E0BE1B209BF84,1st_time,서초구,39
341,6454E8EBA7C3239A662817632359B13687934DCB3DC008BA3A9E0BE1B209BF84,2nd_time,강남구,23
342,6454E8EBA7C3239A662817632359B13687934DCB3DC008BA3A9E0BE1B209BF84,2nd_time,과천시,1
343,6454E8EBA7C3239A662817632359B13687934DCB3DC008BA3A9E0BE1B209BF84,2nd_time,서초구,36
344,6485E5E2120B54DCEA9BB524AC85EEBFAAC610F8CE99E715DFDF2DE612086CE5,1st_time,동작구,3
345,6485E5E2120B54DCEA9BB524AC85EEBFAAC610F8CE99E715DFDF2DE612086CE5,1st_time,서초구,3
346,6485E5E2120B54DCEA9BB524AC85EEBFAAC610F8CE99E715DFDF2DE612086CE5,2nd_time,관악구,1
347,6485E5E2120B54DCEA9BB524AC85EEBFAAC610F8CE99E715DFDF2DE612086CE5,2nd_time,동작구,8
348,6485E5E2120B54DCEA9BB524AC85EEBFAAC610F8CE99E715DFDF2DE612086CE5,2nd_time,서초구,14
349,64F55E7A5FC7FB7BAE13E8A8D40F6B78D2F5BAA35FCBA2ED0604553E380A18B9,1st_time,청주시 서원구,4
350,64F55E7A5FC7FB7BAE13E8A8D40F6B78D2F5BAA35FCBA2ED0604553E380A18B9,2nd_time,청주시 서원구,4
351,64F55E7A5FC7FB7BAE13E8A8D40F6B78D2F5BAA35FCBA2ED0604553E380A18B9,2nd_time,청주시 흥덕구,2
352,6973D3320D502B8DBC2E4D116DA927E4C52FA3AABE8DE16AF743F74B0B830A6F,1st_time,관악구,4
353,6973D3320D502B8DBC2E4D116DA927E4C52FA3AABE8DE16AF743F74B0B830A6F,1st_time,동작구,6
354,6973D3320D502B8DBC2E4D116DA927E4C52FA3AABE8DE16AF743F74B0B830A6F,1st_time,서초구,24
355,6973D3320D502B8DBC2E4D116DA927E4C52FA3AABE8DE16AF743F74B0B830A6F,2nd_time,관악구,6
356,6973D3320D502B8DBC2E4D116DA927E4C52FA3AABE8DE16AF743F74B0B830A6F,2nd_time,동작구,34
357,6973D3320D502B8DBC2E4D116DA927E4C52FA3AABE8DE16AF743F74B0B830A6F,2nd_time,서초구,36
358,699E5CEB7EC243F4559CEDE9A0B35BFDDEF2DA9D00A7227BA575187C745B849F,1st_time,강남구,9
359,699E5CEB7EC243F4559CEDE9A0B35BFDDEF2DA9D00A7227BA575187C745B849F,1st_time,강동구,10
360,699E5CEB7EC243F4559CEDE9A0B35BFDDEF2DA9D00A7227BA575187C745B849F,1st_time,서초구,25
361,699E5CEB7EC243F4559CEDE9A0B35BFDDEF2DA9D00A7227BA575187C745B849F,2nd_time,강남구,22
362,699E5CEB7EC243F4559CEDE9A0B35BFDDEF2DA9D00A7227BA575187C745B849F,2nd_time,강동구,5
363,699E5CEB7EC243F4559CEDE9A0B35BFDDEF2DA9D00A7227BA575187C745B849F,2nd_time,서초구,32
364,699E5CEB7EC243F4559CEDE9A0B35BFDDEF2DA9D00A7227BA575187C745B849F,2nd_time,송파구,1
365,6B263E47D394583B81FF2FB799229AAB2A24EB68DD1F5918243AC1611D7024C2,1st_time,청주시 서원구,9
366,6B263E47D394583B81FF2FB799229AAB2A24EB68DD1F5918243AC1611D7024C2,1st_time,청주시 흥덕구,21
367,6B263E47D394583B81FF2FB799229AAB2A24EB68DD1F5918243AC1611D7024C2,2nd_time,청주시 서원구,23
368,6B263E47D394583B81FF2FB799229AAB2A24EB68DD1F5918243AC1611D7024C2,2nd_time,청주시 흥덕구,14
369,6BAD0756D558AE7B26256925E1562C4E5B81EB7B99E45B0E368E84FD29C192AF,1st_time,청주시 상당구,8
370,6BAD0756D558AE7B26256925E1562C4E5B81EB7B99E45B0E368E84FD29C192AF,1st_time,청주시 흥덕구,1
371,6BBC831E429BC9D0D6814729FA9D75400E21FFAE11FE603140DE3E06ABD3BE18,1st_time,청주시 서원구,2
372,6BBC831E429BC9D0D6814729FA9D75400E21FFAE11FE603140DE3E06ABD3BE18,1st_time,청주시 흥덕구,1
373,6D669CEE10A0D5142A63370DC653EA8E71E36BB4D49D3AB1F0BA25FA03F8C319,1st_time,청주시 흥덕구,18
374,6D669CEE10A0D5142A63370DC653EA8E71E36BB4D49D3AB1F0BA25FA03F8C319,2nd_time,청주시 흥덕구,3
375,6D7B41E783FF5DF8FC9C4BA1A11302D6E9AD4FE4249D92313440A2B592B9ED87,1st_time,청주시 상당구,8
376,6D7B41E783FF5DF8FC9C4BA1A11302D6E9AD4FE4249D92313440A2B592B9ED87,1st_time,청주시 서원구,24
377,6D7B41E783FF5DF8FC9C4BA1A11302D6E9AD4FE4249D92313440A2B592B9ED87,1st_time,청주시 흥덕구,2
378,6D7B41E783FF5DF8FC9C4BA1A11302D6E9AD4FE4249D92313440A2B592B9ED87,2nd_time,청주시 상당구,4
379,6D7B41E783FF5DF8FC9C4BA1A11302D6E9AD4FE4249D92313440A2B592B9ED87,2nd_time,청주시 서원구,19
380,6EA86B24A1A5707DD627AA7951B8D8F2554CDD8C2BFDA3AD31731CD86868BF2D,1st_time,강남구,10
381,6EA86B24A1A5707DD627AA7951B8D8F2554CDD8C2BFDA3AD31731CD86868BF2D,1st_time,서초구,19
382,6EA86B24A1A5707DD627AA7951B8D8F2554CDD8C2BFDA3AD31731CD86868BF2D,2nd_time,강남구,18
383,6EA86B24A1A5707DD627AA7951B8D8F2554CDD8C2BFDA3AD31731CD86868BF2D,2nd_time,서초구,27
384,6FF7077C962915EDE64266C6FB256BC9A2A706A57525E4867782CC93E155E36A,1st_time,청주시 상당구,14
385,6FF7077C962915EDE64266C6FB256BC9A2A706A57525E4867782CC93E155E36A,1st_time,청주시 서원구,37
386,6FF7077C962915EDE64266C6FB256BC9A2A706A57525E4867782CC93E155E36A,1st_time,청주시 청원구,3
387,6FF7077C962915EDE64266C6FB256BC9A2A706A57525E4867782CC93E155E36A,1st_time,청주시 흥덕구,41
388,6FF7077C962915EDE64266C6FB256BC9A2A706A57525E4867782CC93E155E36A,2nd_time,청주시 상당구,17
389,6FF7077C962915EDE64266C6FB256BC9A2A706A57525E4867782CC93E155E36A,2nd_time,청주시 서원구,57
390,6FF7077C962915EDE64266C6FB256BC9A2A706A57525E4867782CC93E155E36A,2nd_time,청주시 청원구,7
391,6FF7077C962915EDE64266C6FB256BC9A2A706A57525E4867782CC93E155E36A,2nd_time,청주시 흥덕구,30
392,70EEBF42BA31BA3FE5E208ECA5F3E74A4348139869F987FD8E9AB23E17DAD393,1st_time,청주시 흥덕구,24
393,70EEBF42BA31BA3FE5E208ECA5F3E74A4348139869F987FD8E9AB23E17DAD393,2nd_time,청주시 서원구,1
394,70EEBF42BA31BA3FE5E208ECA5F3E74A4348139869F987FD8E9AB23E17DAD393,2nd_time,청주시 흥덕구,34
395,711834C8186DC8D9648484E5C9FD0D7D7A5F211370C86C1B0748428E60C35746,2nd_time,청주시 흥덕구,2
396,72BD59A799FE3206856CF0A2F5C7D220B4B61824269B32EDFB9C03BE24CBD103,1st_time,관악구,1
397,72BD59A799FE3206856CF0A2F5C7D220B4B61824269B32EDFB9C03BE24CBD103,1st_time,동작구,5
398,72BD59A799FE3206856CF0A2F5C7D220B4B61824269B32EDFB9C03BE24CBD103,1st_time,서초구,34
399,72BD59A799FE3206856CF0A2F5C7D220B4B61824269B32EDFB9C03BE24CBD103,2nd_time,과천시,1
400,72BD59A799FE3206856CF0A2F5C7D220B4B61824269B32EDFB9C03BE24CBD103,2nd_time,관악구,1
401,72BD59A799FE3206856CF0A2F5C7D220B4B61824269B32EDFB9C03BE24CBD103,2nd_time,동작구,15
402,72BD59A799FE3206856CF0A2F5C7D220B4B61824269B32EDFB9C03BE24CBD103,2nd_time,서초구,29
403,74DAB3E08F957E9E1F15371539D3DF769F548AF974FED4FEE5351F9273E10DF6,1st_time,청주시 상당구,1
404,74DAB3E08F957E9E1F15371539D3DF769F548AF974FED4FEE5351F9273E10DF6,1st_time,청주시 서원구,2
405,74DAB3E08F957E9E1F15371539D3DF769F548AF974FED4FEE5351F9273E10DF6,1st_time,청주시 청원구,1
406,74DAB3E08F957E9E1F15371539D3DF769F548AF974FED4FEE5351F9273E10DF6,2nd_time,청주시 상당구,1
407,74DAB3E08F957E9E1F15371539D3DF769F548AF974FED4FEE5351F9273E10DF6,2nd_time,청주시 서원구,3
408,74DAB3E08F957E9E1F15371539D3DF769F548AF974FED4FEE5351F9273E10DF6,2nd_time,청주시 흥덕구,1
409,753968EBC85E54C570675112B2049A7F068FF4FE46145CEAB80DE376D8467D04,1st_time,청주시 흥덕구,1
410,753968EBC85E54C570675112B2049A7F068FF4FE46145CEAB80DE376D8467D04,2nd_time,청주시 서원구,1
411,753968EBC85E54C570675112B2049A7F068FF4FE46145CEAB80DE376D8467D04,2nd_time,청주시 흥덕구,14
412,760D4C189F32EA366376E7892D774259E60A3C053DD2862410C0508CF082B439,1st_time,강남구,2
413,760D4C189F32EA366376E7892D774259E60A3C053DD2862410C0508CF082B439,1st_time,서초구,6
414,766B9B1B035526BA59DFB4A209DBE8547B39B37CAC12CED5403E90EE733EE074,2nd_time,청주시 서원구,2
415,766B9B1B035526BA59DFB4A209DBE8547B39B37CAC12CED5403E90EE733EE074,2nd_time,청주시 흥덕구,2
416,791F308EA19B00D2067DA79CDC997DF2889536DB27115140B3A3B44DAC2FAF60,1st_time,청주시 서원구,23
417,791F308EA19B00D2067DA79CDC997DF2889536DB27115140B3A3B44DAC2FAF60,1st_time,청주시 흥덕구,42
418,791F308EA19B00D2067DA79CDC997DF2889536DB27115140B3A3B44DAC2FAF60,2nd_time,청주시 상당구,1
419,791F308EA19B00D2067DA79CDC997DF2889536DB27115140B3A3B44DAC2FAF60,2nd_time,청주시 서원구,43
420,791F308EA19B00D2067DA79CDC997DF2889536DB27115140B3A3B44DAC2FAF60,2nd_time,청주시 흥덕구,92
421,79BA8701D2C275BE2CA4C440DBA36D70AC259D3FB70A1DA9BEB4B73EA6272C83,1st_time,청주시 서원구,4
422,7C5E18CB15B681DDF590B5FE354932592A977D9DCE84EE68CFD2282E7300642A,1st_time,청주시 흥덕구,7
423,7C5E18CB15B681DDF590B5FE354932592A977D9DCE84EE68CFD2282E7300642A,2nd_time,청주시 서원구,2
424,7C5E18CB15B681DDF590B5FE354932592A977D9DCE84EE68CFD2282E7300642A,2nd_time,청주시 흥덕구,40
425,7D2CC42C9DB594624432EDDBEF4C5581BA8E89F966049351ACB9C94B2DDCBA64,1st_time,청주시 상당구,1
426,7D2CC42C9DB594624432EDDBEF4C5581BA8E89F966049351ACB9C94B2DDCBA64,1st_time,청주시 서원구,33
427,7D2CC42C9DB594624432EDDBEF4C5581BA8E89F966049351ACB9C94B2DDCBA64,1st_time,청주시 흥덕구,50
428,7D2CC42C9DB594624432EDDBEF4C5581BA8E89F966049351ACB9C94B2DDCBA64,2nd_time,청주시 상당구,6
429,7D2CC42C9DB594624432EDDBEF4C5581BA8E89F966049351ACB9C94B2DDCBA64,2nd_time,청주시 서원구,19
430,7D2CC42C9DB594624432EDDBEF4C5581BA8E89F966049351ACB9C94B2DDCBA64,2nd_time,청주시 흥덕구,99
431,7F4BEDE1A3BFA1E57A2EC8C69E3C9D7571CB8B5BE7B65210136BDEFE20C8ED8D,1st_time,강남구,9
432,7F4BEDE1A3BFA1E57A2EC8C69E3C9D7571CB8B5BE7B65210136BDEFE20C8ED8D,1st_time,서초구,24
433,7F4BEDE1A3BFA1E57A2EC8C69E3C9D7571CB8B5BE7B65210136BDEFE20C8ED8D,2nd_time,강남구,7
434,7F4BEDE1A3BFA1E57A2EC8C69E3C9D7571CB8B5BE7B65210136BDEFE20C8ED8D,2nd_time,서초구,14
435,802E879AB977D46CB0CF03C515764CC9DA5C4BC81C8E2DC5234F24AE6FF84E7B,1st_time,청주시 흥덕구,27
436,802E879AB977D46CB0CF03C515764CC9DA5C4BC81C8E2DC5234F24AE6FF84E7B,2nd_time,청주시 서원구,1
437,802E879AB977D46CB0CF03C515764CC9DA5C4BC81C8E2DC5234F24AE6FF84E7B,2nd_time,청주시 흥덕구,82
438,81B4017E07A0A2D5B4718B7513F445DABED0B293ED1A9FF2DD9174C75D21FAF7,1st_time,청주시 서원구,10
439,81B4017E07A0A2D5B4718B7513F445DABED0B293ED1A9FF2DD9174C75D21FAF7,1st_time,청주시 흥덕구,33
440,81B4017E07A0A2D5B4718B7513F445DABED0B293ED1A9FF2DD9174C75D21FAF7,2nd_time,청주시 서원구,19
441,81B4017E07A0A2D5B4718B7513F445DABED0B293ED1A9FF2DD9174C75D21FAF7,2nd_time,청주시 흥덕구,34
442,84C27A159370CF243CEB1661987D0ADBDE06C755F11F69188EE294290EF57AC7,1st_time,청주시 상당구,1
443,84C27A159370CF243CEB1661987D0ADBDE06C755F11F69188EE294290EF57AC7,1st_time,청주시 서원구,2
444,84C27A159370CF243CEB1661987D0ADBDE06C755F11F69188EE294290EF57AC7,1st_time,청주시 흥덕구,9
445,84C27A159370CF243CEB1661987D0ADBDE06C755F11F69188EE294290EF57AC7,2nd_time,청주시 상당구,5
446,84C27A159370CF243CEB1661987D0ADBDE06C755F11F69188EE294290EF57AC7,2nd_time,청주시 서원구,7
447,84C27A159370CF243CEB1661987D0ADBDE06C755F11F69188EE294290EF57AC7,2nd_time,청주시 청원구,15
448,84C27A159370CF243CEB1661987D0ADBDE06C755F11F69188EE294290EF57AC7,2nd_time,청주시 흥덕구,15
449,85317C71CDF6A36B46C2DE31466246C9D2365B75D8E558F376F11782BE6B2A79,1st_time,청주시 서원구,8
450,85317C71CDF6A36B46C2DE31466246C9D2365B75D8E558F376F11782BE6B2A79,1st_time,청주시 흥덕구,4
451,85317C71CDF6A36B46C2DE31466246C9D2365B75D8E558F376F11782BE6B2A79,2nd_time,청주시 서원구,11
452,85317C71CDF6A36B46C2DE31466246C9D2365B75D8E558F376F11782BE6B2A79,2nd_time,청주시 흥덕구,7
453,85CC79912F629020EDF728F00AAF2EDF5E6C6BE8BA1AE7B8D0B0FDACF6EF2F25,1st_time,강남구,8
454,85CC79912F629020EDF728F00AAF2EDF5E6C6BE8BA1AE7B8D0B0FDACF6EF2F25,1st_time,서초구,32
455,85CC79912F629020EDF728F00AAF2EDF5E6C6BE8BA1AE7B8D0B0FDACF6EF2F25,2nd_time,강남구,10
456,85CC79912F629020EDF728F00AAF2EDF5E6C6BE8BA1AE7B8D0B0FDACF6EF2F25,2nd_time,서초구,37
457,875F39152E6BCA5FBC092ACE70D0ED129D38B49583BC4AB0F4559064E8745879,1st_time,청주시 서원구,4
458,875F39152E6BCA5FBC092ACE70D0ED129D38B49583BC4AB0F4559064E8745879,2nd_time,청주시 서원구,5
459,875F39152E6BCA5FBC092ACE70D0ED129D38B49583BC4AB0F4559064E8745879,2nd_time,청주시 흥덕구,5
460,87BE5B609C4779B6A1205391C9E834B52D67A10A9BEE29A7A7B5C0654286CFBD,1st_time,청주시 서원구,17
461,87BE5B609C4779B6A1205391C9E834B52D67A10A9BEE29A7A7B5C0654286CFBD,1st_time,청주시 흥덕구,55
462,87BE5B609C4779B6A1205391C9E834B52D67A10A9BEE29A7A7B5C0654286CFBD,2nd_time,청주시 서원구,22
463,87BE5B609C4779B6A1205391C9E834B52D67A10A9BEE29A7A7B5C0654286CFBD,2nd_time,청주시 흥덕구,44
464,8990813FE59250E4BECB97E22D1E9B5B7E55C1A80985F790F71CA38CEE23738A,1st_time,과천시,78
465,8990813FE59250E4BECB97E22D1E9B5B7E55C1A80985F790F71CA38CEE23738A,1st_time,서초구,1
466,8990813FE59250E4BECB97E22D1E9B5B7E55C1A80985F790F71CA38CEE23738A,1st_time,의왕시,1
467,8990813FE59250E4BECB97E22D1E9B5B7E55C1A80985F790F71CA38CEE23738A,2nd_time,과천시,73
468,89DF90A190488879072A2C6B6E9CDE484FD1A8EAE3190A6AAD2AE88390E543D8,2nd_time,청주시 상당구,5
469,89DF90A190488879072A2C6B6E9CDE484FD1A8EAE3190A6AAD2AE88390E543D8,2nd_time,청주시 서원구,11
470,89DF90A190488879072A2C6B6E9CDE484FD1A8EAE3190A6AAD2AE88390E543D8,2nd_time,청주시 청원구,2
471,89DF90A190488879072A2C6B6E9CDE484FD1A8EAE3190A6AAD2AE88390E543D8,2nd_time,청주시 흥덕구,4
472,8B2A0620ADC6A37A0E5CEDC09F6EC3CFAD1F94863A44224D5BA62CD2A83703C4,1st_time,강남구,8
473,8B2A0620ADC6A37A0E5CEDC09F6EC3CFAD1F94863A44224D5BA62CD2A83703C4,1st_time,과천시,1
474,8B2A0620ADC6A37A0E5CEDC09F6EC3CFAD1F94863A44224D5BA62CD2A83703C4,1st_time,관악구,4
475,8B2A0620ADC6A37A0E5CEDC09F6EC3CFAD1F94863A44224D5BA62CD2A83703C4,1st_time,동작구,2
476,8B2A0620ADC6A37A0E5CEDC09F6EC3CFAD1F94863A44224D5BA62CD2A83703C4,1st_time,서초구,24
477,8B2A0620ADC6A37A0E5CEDC09F6EC3CFAD1F94863A44224D5BA62CD2A83703C4,2nd_time,강남구,14
478,8B2A0620ADC6A37A0E5CEDC09F6EC3CFAD1F94863A44224D5BA62CD2A83703C4,2nd_time,관악구,1
479,8B2A0620ADC6A37A0E5CEDC09F6EC3CFAD1F94863A44224D5BA62CD2A83703C4,2nd_time,동작구,4
480,8B2A0620ADC6A37A0E5CEDC09F6EC3CFAD1F94863A44224D5BA62CD2A83703C4,2nd_time,서초구,30
481,8CB26FE297625194BA1A209529566591F75CF0CD2547181AB2BF38D30E917257,1st_time,강남구,13
482,8CB26FE297625194BA1A209529566591F75CF0CD2547181AB2BF38D30E917257,1st_time,관악구,1
483,8CB26FE297625194BA1A209529566591F75CF0CD2547181AB2BF38D30E917257,1st_time,서초구,7
484,8CB26FE297625194BA1A209529566591F75CF0CD2547181AB2BF38D30E917257,2nd_time,강남구,10
485,8CB26FE297625194BA1A209529566591F75CF0CD2547181AB2BF38D30E917257,2nd_time,관악구,4
486,8CB26FE297625194BA1A209529566591F75CF0CD2547181AB2BF38D30E917257,2nd_time,서초구,25
487,8D31EB2E85D5F71AFCF272A6B67AF8146728008AFE80403A136F51ACC4CB4C6B,1st_time,청주시 서원구,4
488,8D31EB2E85D5F71AFCF272A6B67AF8146728008AFE80403A136F51ACC4CB4C6B,1st_time,청주시 흥덕구,27
489,8D758BBBAE773B71145248EE8CF71E89E503291402F3C0029DE45A81178B59DD,2nd_time,청주시 청원구,1
490,8E2461AADA4D3740F16EAED8FF3A46D94FCC65B0A238B934BAC5D1E70E9113E4,1st_time,청주시 서원구,4
491,8E2461AADA4D3740F16EAED8FF3A46D94FCC65B0A238B934BAC5D1E70E9113E4,1st_time,청주시 청원구,1
492,8E2461AADA4D3740F16EAED8FF3A46D94FCC65B0A238B934BAC5D1E70E9113E4,1st_time,청주시 흥덕구,14
493,8E2461AADA4D3740F16EAED8FF3A46D94FCC65B0A238B934BAC5D1E70E9113E4,2nd_time,청주시 서원구,11
494,8E2461AADA4D3740F16EAED8FF3A46D94FCC65B0A238B934BAC5D1E70E9113E4,2nd_time,청주시 흥덕구,20
495,8ED77933CF11E62D87D852278F12FEEE2D2F50739A130F0318D4081BDE7EDE35,1st_time,청주시 상당구,3
496,8ED77933CF11E62D87D852278F12FEEE2D2F50739A130F0318D4081BDE7EDE35,1st_time,청주시 서원구,8
497,8ED77933CF11E62D87D852278F12FEEE2D2F50739A130F0318D4081BDE7EDE35,1st_time,청주시 청원구,4
498,8ED77933CF11E62D87D852278F12FEEE2D2F50739A130F0318D4081BDE7EDE35,1st_time,청주시 흥덕구,12
499,8ED77933CF11E62D87D852278F12FEEE2D2F50739A130F0318D4081BDE7EDE35,2nd_time,청주시 상당구,5
500,8ED77933CF11E62D87D852278F12FEEE2D2F50739A130F0318D4081BDE7EDE35,2nd_time,청주시 서원구,16
501,8ED77933CF11E62D87D852278F12FEEE2D2F50739A130F0318D4081BDE7EDE35,2nd_time,청주시 청원구,7
502,8ED77933CF11E62D87D852278F12FEEE2D2F50739A130F0318D4081BDE7EDE35,2nd_time,청주시 흥덕구,16
503,8FD7DFA74D357D32131961FE61DDED280782A26804FA2AF6DE677B75F6407C5F,1st_time,청주시 흥덕구,4
504,8FD7DFA74D357D32131961FE61DDED280782A26804FA2AF6DE677B75F6407C5F,2nd_time,청주시 흥덕구,10
505,92116E0E1E33D46A9DDBD8BEAE230AA68EE80D506C7E4B62E7CA09EAF76A7816,1st_time,청주시 상당구,4
506,92116E0E1E33D46A9DDBD8BEAE230AA68EE80D506C7E4B62E7CA09EAF76A7816,1st_time,청주시 서원구,10
507,92116E0E1E33D46A9DDBD8BEAE230AA68EE80D506C7E4B62E7CA09EAF76A7816,1st_time,청주시 흥덕구,19
508,92116E0E1E33D46A9DDBD8BEAE230AA68EE80D506C7E4B62E7CA09EAF76A7816,2nd_time,청주시 상당구,7
509,92116E0E1E33D46A9DDBD8BEAE230AA68EE80D506C7E4B62E7CA09EAF76A7816,2nd_time,청주시 서원구,23
510,92116E0E1E33D46A9DDBD8BEAE230AA68EE80D506C7E4B62E7CA09EAF76A7816,2nd_time,청주시 청원구,1
511,92116E0E1E33D46A9DDBD8BEAE230AA68EE80D506C7E4B62E7CA09EAF76A7816,2nd_time,청주시 흥덕구,53
512,927AFF8947014DA3F09AEB13F8D084E169EB6CB64D2BB39CB165CADA754E5808,1st_time,강남구,6
513,927AFF8947014DA3F09AEB13F8D084E169EB6CB64D2BB39CB165CADA754E5808,1st_time,관악구,2
514,927AFF8947014DA3F09AEB13F8D084E169EB6CB64D2BB39CB165CADA754E5808,1st_time,동작구,1
515,927AFF8947014DA3F09AEB13F8D084E169EB6CB64D2BB39CB165CADA754E5808,1st_time,서초구,16
516,927AFF8947014DA3F09AEB13F8D084E169EB6CB64D2BB39CB165CADA754E5808,2nd_time,강남구,1
517,927AFF8947014DA3F09AEB13F8D084E169EB6CB64D2BB39CB165CADA754E5808,2nd_time,동작구,7
518,927AFF8947014DA3F09AEB13F8D084E169EB6CB64D2BB39CB165CADA754E5808,2nd_time,서초구,42
519,92C1BC12A6EFD6C90CE0FC85D5E51BDEDDFFCCF64EA29425B322C562A5674739,1st_time,청주시 서원구,57
520,92C1BC12A6EFD6C90CE0FC85D5E51BDEDDFFCCF64EA29425B322C562A5674739,1st_time,청주시 흥덕구,94
521,92C1BC12A6EFD6C90CE0FC85D5E51BDEDDFFCCF64EA29425B322C562A5674739,2nd_time,청주시 서원구,67
522,92C1BC12A6EFD6C90CE0FC85D5E51BDEDDFFCCF64EA29425B322C562A5674739,2nd_time,청주시 흥덕구,123
523,9379B61A13A558FDE2BF0647E194057ADF4432E496B51A0144CCAF03CA3E2E32,1st_time,관악구,3
524,9379B61A13A558FDE2BF0647E194057ADF4432E496B51A0144CCAF03CA3E2E32,1st_time,동작구,4
525,9379B61A13A558FDE2BF0647E194057ADF4432E496B51A0144CCAF03CA3E2E32,1st_time,서초구,19
526,9379B61A13A558FDE2BF0647E194057ADF4432E496B51A0144CCAF03CA3E2E32,2nd_time,관악구,1
527,9379B61A13A558FDE2BF0647E194057ADF4432E496B51A0144CCAF03CA3E2E32,2nd_time,동작구,17
528,9379B61A13A558FDE2BF0647E194057ADF4432E496B51A0144CCAF03CA3E2E32,2nd_time,서초구,17
529,93AEE1F2C78B288C901153E46A9E4B2224836065C9C2877A8DFB147CF9F89637,1st_time,강남구,1
530,93AEE1F2C78B288C901153E46A9E4B2224836065C9C2877A8DFB147CF9F89637,1st_time,서초구,7
531,93AEE1F2C78B288C901153E46A9E4B2224836065C9C2877A8DFB147CF9F89637,2nd_time,강남구,20
532,93AEE1F2C78B288C901153E46A9E4B2224836065C9C2877A8DFB147CF9F89637,2nd_time,서초구,21
533,9598EC401B7A88AE70D24700E51305078C672378661DCDE8D3DA1C45326C84A1,1st_time,서초구,34
534,9598EC401B7A88AE70D24700E51305078C672378661DCDE8D3DA1C45326C84A1,1st_time,안양시 동안구,1
535,9598EC401B7A88AE70D24700E51305078C672378661DCDE8D3DA1C45326C84A1,2nd_time,강남구,1
536,9598EC401B7A88AE70D24700E51305078C672378661DCDE8D3DA1C45326C84A1,2nd_time,서초구,20
537,95D6C6B29D57078361A346B17A36456FFB309B83C923AE9C45655172AE9B6CEA,1st_time,청주시 서원구,5
538,95D6C6B29D57078361A346B17A36456FFB309B83C923AE9C45655172AE9B6CEA,1st_time,청주시 흥덕구,28
539,95D6C6B29D57078361A346B17A36456FFB309B83C923AE9C45655172AE9B6CEA,2nd_time,청주시 서원구,14
540,95D6C6B29D57078361A346B17A36456FFB309B83C923AE9C45655172AE9B6CEA,2nd_time,청주시 흥덕구,74
541,97381EAA1F1264D2C39A6996F011DFA000CAFB93E4EBC5A2F65D964F966358DD,1st_time,청주시 상당구,1
542,97381EAA1F1264D2C39A6996F011DFA000CAFB93E4EBC5A2F65D964F966358DD,1st_time,청주시 서원구,9
543,97381EAA1F1264D2C39A6996F011DFA000CAFB93E4EBC5A2F65D964F966358DD,1st_time,청주시 청원구,3
544,97381EAA1F1264D2C39A6996F011DFA000CAFB93E4EBC5A2F65D964F966358DD,1st_time,청주시 흥덕구,4
545,97381EAA1F1264D2C39A6996F011DFA000CAFB93E4EBC5A2F65D964F966358DD,2nd_time,청주시 상당구,4
546,97381EAA1F1264D2C39A6996F011DFA000CAFB93E4EBC5A2F65D964F966358DD,2nd_time,청주시 서원구,10
547,97381EAA1F1264D2C39A6996F011DFA000CAFB93E4EBC5A2F65D964F966358DD,2nd_time,청주시 청원구,2
548,97381EAA1F1264D2C39A6996F011DFA000CAFB93E4EBC5A2F65D964F966358DD,2nd_time,청주시 흥덕구,4
549,9A1B5BB424A83DA9BF9DEF4DAD69EE9B27E7C73197D3BF04DDBE3B686D7C9D16,1st_time,강남구,11
550,9A1B5BB424A83DA9BF9DEF4DAD69EE9B27E7C73197D3BF04DDBE3B686D7C9D16,1st_time,서초구,31
551,9A1B5BB424A83DA9BF9DEF4DAD69EE9B27E7C73197D3BF04DDBE3B686D7C9D16,2nd_time,강남구,11
552,9A1B5BB424A83DA9BF9DEF4DAD69EE9B27E7C73197D3BF04DDBE3B686D7C9D16,2nd_time,서초구,47
553,9B52F4166A78798CBB028D5D3067E2F3A78FE10AC516DB7818FB5FB0155E2C0F,1st_time,강남구,9
554,9B52F4166A78798CBB028D5D3067E2F3A78FE10AC516DB7818FB5FB0155E2C0F,1st_time,서초구,44
555,9B52F4166A78798CBB028D5D3067E2F3A78FE10AC516DB7818FB5FB0155E2C0F,2nd_time,강남구,16
556,9B52F4166A78798CBB028D5D3067E2F3A78FE10AC516DB7818FB5FB0155E2C0F,2nd_time,과천시,1
557,9B52F4166A78798CBB028D5D3067E2F3A78FE10AC516DB7818FB5FB0155E2C0F,2nd_time,동작구,1
558,9B52F4166A78798CBB028D5D3067E2F3A78FE10AC516DB7818FB5FB0155E2C0F,2nd_time,서초구,95
559,9C0287A6DC86C0605C4AEE6AAB3012E77C6EE1119B76893EE9B30F4EE483BD1B,1st_time,과천시,78
560,9C0287A6DC86C0605C4AEE6AAB3012E77C6EE1119B76893EE9B30F4EE483BD1B,1st_time,서초구,1
561,9C0287A6DC86C0605C4AEE6AAB3012E77C6EE1119B76893EE9B30F4EE483BD1B,1st_time,안산시 상록구,2
562,9C0287A6DC86C0605C4AEE6AAB3012E77C6EE1119B76893EE9B30F4EE483BD1B,1st_time,안양시 동안구,5
563,9C0287A6DC86C0605C4AEE6AAB3012E77C6EE1119B76893EE9B30F4EE483BD1B,1st_time,의왕시,1
564,9C0287A6DC86C0605C4AEE6AAB3012E77C6EE1119B76893EE9B30F4EE483BD1B,2nd_time,과천시,90
565,9C0287A6DC86C0605C4AEE6AAB3012E77C6EE1119B76893EE9B30F4EE483BD1B,2nd_time,광명시,1
566,9C0287A6DC86C0605C4AEE6AAB3012E77C6EE1119B76893EE9B30F4EE483BD1B,2nd_time,군포시,2
567,9C0287A6DC86C0605C4AEE6AAB3012E77C6EE1119B76893EE9B30F4EE483BD1B,2nd_time,서초구,2
568,9C0287A6DC86C0605C4AEE6AAB3012E77C6EE1119B76893EE9B30F4EE483BD1B,2nd_time,안양시 동안구,14
569,9C0287A6DC86C0605C4AEE6AAB3012E77C6EE1119B76893EE9B30F4EE483BD1B,2nd_time,안양시 만안구,1
570,9C0287A6DC86C0605C4AEE6AAB3012E77C6EE1119B76893EE9B30F4EE483BD1B,2nd_time,의왕시,1
571,9C98D5D161ED7E43900BBD1D5373135B6777D00EC594D2527C3506BAF92A03E8,2nd_time,청주시 흥덕구,1
572,9E040FFF5EB8E8A2EF4C134621F686A0097C466152AF3A35F731EF5C85290D74,1st_time,청주시 흥덕구,30
573,9E040FFF5EB8E8A2EF4C134621F686A0097C466152AF3A35F731EF5C85290D74,2nd_time,청주시 서원구,1
574,9E040FFF5EB8E8A2EF4C134621F686A0097C466152AF3A35F731EF5C85290D74,2nd_time,청주시 흥덕구,70
575,9F7820D05E8721132E519C04503743E282C6FA0866C9D95EA033FB6323953265,1st_time,강남구,21
576,9F7820D05E8721132E519C04503743E282C6FA0866C9D95EA033FB6323953265,1st_time,과천시,2
577,9F7820D05E8721132E519C04503743E282C6FA0866C9D95EA033FB6323953265,1st_time,서초구,35
578,9F7820D05E8721132E519C04503743E282C6FA0866C9D95EA033FB6323953265,2nd_time,강남구,18
579,9F7820D05E8721132E519C04503743E282C6FA0866C9D95EA033FB6323953265,2nd_time,서초구,17
580,A052F3231D92EF90743F907877205BCFFCAACC1C4FBB8B3AC2AB0C630446EB39,1st_time,강남구,4
581,A052F3231D92EF90743F907877205BCFFCAACC1C4FBB8B3AC2AB0C630446EB39,1st_time,관악구,9
582,A052F3231D92EF90743F907877205BCFFCAACC1C4FBB8B3AC2AB0C630446EB39,1st_time,동작구,21
583,A052F3231D92EF90743F907877205BCFFCAACC1C4FBB8B3AC2AB0C630446EB39,1st_time,서초구,39
584,A052F3231D92EF90743F907877205BCFFCAACC1C4FBB8B3AC2AB0C630446EB39,2nd_time,관악구,7
585,A052F3231D92EF90743F907877205BCFFCAACC1C4FBB8B3AC2AB0C630446EB39,2nd_time,동작구,16
586,A052F3231D92EF90743F907877205BCFFCAACC1C4FBB8B3AC2AB0C630446EB39,2nd_time,서초구,41
587,A1589F3926A8E4C8C707276584C313EBEC8AE8AAADF27824943F13B3F27D9D97,1st_time,청주시 상당구,14
588,A1589F3926A8E4C8C707276584C313EBEC8AE8AAADF27824943F13B3F27D9D97,1st_time,청주시 서원구,36
589,A1589F3926A8E4C8C707276584C313EBEC8AE8AAADF27824943F13B3F27D9D97,1st_time,청주시 청원구,6
590,A1589F3926A8E4C8C707276584C313EBEC8AE8AAADF27824943F13B3F27D9D97,1st_time,청주시 흥덕구,20
591,A1589F3926A8E4C8C707276584C313EBEC8AE8AAADF27824943F13B3F27D9D97,2nd_time,청주시 상당구,12
592,A1589F3926A8E4C8C707276584C313EBEC8AE8AAADF27824943F13B3F27D9D97,2nd_time,청주시 서원구,11
593,A18843EEE24277364538B96D3761DF3FF551AB6D9B23C861F8DCE754A33BFF8B,1st_time,강남구,12
594,A18843EEE24277364538B96D3761DF3FF551AB6D9B23C861F8DCE754A33BFF8B,1st_time,서초구,11
595,A18843EEE24277364538B96D3761DF3FF551AB6D9B23C861F8DCE754A33BFF8B,2nd_time,강남구,25
596,A18843EEE24277364538B96D3761DF3FF551AB6D9B23C861F8DCE754A33BFF8B,2nd_time,서초구,59
597,A18843EEE24277364538B96D3761DF3FF551AB6D9B23C861F8DCE754A33BFF8B,2nd_time,송파구,1
598,A1EAD63E39FECF18171CF6F8CBBCC3F759EF694022FD67C5F2C11F7202EA071C,1st_time,동작구,2
599,A1EAD63E39FECF18171CF6F8CBBCC3F759EF694022FD67C5F2C11F7202EA071C,1st_time,서초구,4
600,A1EAD63E39FECF18171CF6F8CBBCC3F759EF694022FD67C5F2C11F7202EA071C,2nd_time,관악구,1
601,A1EAD63E39FECF18171CF6F8CBBCC3F759EF694022FD67C5F2C11F7202EA071C,2nd_time,동작구,12
602,A1EAD63E39FECF18171CF6F8CBBCC3F759EF694022FD67C5F2C11F7202EA071C,2nd_time,서초구,10
603,A28EA17FE1B0184D5A2C1038E96107E54FD755B96C25DA837131E2D32CB6C6F3,1st_time,청주시 서원구,4
604,A28EA17FE1B0184D5A2C1038E96107E54FD755B96C25DA837131E2D32CB6C6F3,1st_time,청주시 흥덕구,42
605,A28EA17FE1B0184D5A2C1038E96107E54FD755B96C25DA837131E2D32CB6C6F3,2nd_time,청주시 서원구,8
606,A28EA17FE1B0184D5A2C1038E96107E54FD755B96C25DA837131E2D32CB6C6F3,2nd_time,청주시 흥덕구,74
607,A4498F0C9BB228A52B7FEBD25E64D9C51A067ED80699ED226BE7DA64334459B1,1st_time,청주시 흥덕구,3
608,A4C111C67A6C5B85415A0611EB6D28390865C26A7E0E790E4441C92609AB949B,1st_time,서초구,5
609,A4C111C67A6C5B85415A0611EB6D28390865C26A7E0E790E4441C92609AB949B,2nd_time,서초구,5
610,A4DE6A69BA11A7773C2DCAB84DF9A14650642AFDD8F0012DF74876931DCF4678,1st_time,청주시 서원구,16
611,A4DE6A69BA11A7773C2DCAB84DF9A14650642AFDD8F0012DF74876931DCF4678,1st_time,청주시 흥덕구,18
612,A4DE6A69BA11A7773C2DCAB84DF9A14650642AFDD8F0012DF74876931DCF4678,2nd_time,청주시 상당구,1
613,A4DE6A69BA11A7773C2DCAB84DF9A14650642AFDD8F0012DF74876931DCF4678,2nd_time,청주시 서원구,16
614,A4DE6A69BA11A7773C2DCAB84DF9A14650642AFDD8F0012DF74876931DCF4678,2nd_time,청주시 흥덕구,16
615,A568B00F301C764551D576BCB710231A620097E6D43114CBDDE0D0B3B67E6EB6,1st_time,청주시 서원구,2
616,A568B00F301C764551D576BCB710231A620097E6D43114CBDDE0D0B3B67E6EB6,1st_time,청주시 흥덕구,1
617,A568B00F301C764551D576BCB710231A620097E6D43114CBDDE0D0B3B67E6EB6,2nd_time,청주시 서원구,2
618,A568B00F301C764551D576BCB710231A620097E6D43114CBDDE0D0B3B67E6EB6,2nd_time,청주시 흥덕구,1
619,A59E8FF40CE83600C8CBC67B245F8B9F5B918AD3CBD512C1A36BC8C27E98421C,1st_time,청주시 상당구,6
620,A59E8FF40CE83600C8CBC67B245F8B9F5B918AD3CBD512C1A36BC8C27E98421C,1st_time,청주시 서원구,11
621,A59E8FF40CE83600C8CBC67B245F8B9F5B918AD3CBD512C1A36BC8C27E98421C,1st_time,청주시 청원구,9
622,A59E8FF40CE83600C8CBC67B245F8B9F5B918AD3CBD512C1A36BC8C27E98421C,1st_time,청주시 흥덕구,9
623,A59E8FF40CE83600C8CBC67B245F8B9F5B918AD3CBD512C1A36BC8C27E98421C,2nd_time,청주시 상당구,23
624,A59E8FF40CE83600C8CBC67B245F8B9F5B918AD3CBD512C1A36BC8C27E98421C,2nd_time,청주시 서원구,22
625,A59E8FF40CE83600C8CBC67B245F8B9F5B918AD3CBD512C1A36BC8C27E98421C,2nd_time,청주시 청원구,3
626,A59E8FF40CE83600C8CBC67B245F8B9F5B918AD3CBD512C1A36BC8C27E98421C,2nd_time,청주시 흥덕구,1
627,A5C41D2EA35B5C05C270E244F8852FF60557B37BE6BC0D5EE0DDB8D96DE490F3,1st_time,청주시 청원구,3
628,A5C41D2EA35B5C05C270E244F8852FF60557B37BE6BC0D5EE0DDB8D96DE490F3,1st_time,청주시 흥덕구,4
629,A5C41D2EA35B5C05C270E244F8852FF60557B37BE6BC0D5EE0DDB8D96DE490F3,2nd_time,청주시 상당구,2
630,A5C41D2EA35B5C05C270E244F8852FF60557B37BE6BC0D5EE0DDB8D96DE490F3,2nd_time,청주시 서원구,1
631,A5C41D2EA35B5C05C270E244F8852FF60557B37BE6BC0D5EE0DDB8D96DE490F3,2nd_time,청주시 청원구,10
632,A5C41D2EA35B5C05C270E244F8852FF60557B37BE6BC0D5EE0DDB8D96DE490F3,2nd_time,청주시 흥덕구,1
633,A6CBA803A68C6A0E91CD90D819C4DC6656E689485D03B18931D16917D8A17DAB,1st_time,청주시 서원구,3
634,A6CBA803A68C6A0E91CD90D819C4DC6656E689485D03B18931D16917D8A17DAB,1st_time,청주시 흥덕구,6
635,A6CBA803A68C6A0E91CD90D819C4DC6656E689485D03B18931D16917D8A17DAB,2nd_time,청주시 서원구,4
636,A6CBA803A68C6A0E91CD90D819C4DC6656E689485D03B18931D16917D8A17DAB,2nd_time,청주시 흥덕구,13
637,A96619F0CFC9DE1EFE05B7E8E9CA18D6A74F3B88E4982EC5174512B69ABB6791,1st_time,청주시 서원구,1
638,A96619F0CFC9DE1EFE05B7E8E9CA18D6A74F3B88E4982EC5174512B69ABB6791,1st_time,청주시 흥덕구,21
639,A96619F0CFC9DE1EFE05B7E8E9CA18D6A74F3B88E4982EC5174512B69ABB6791,2nd_time,청주시 흥덕구,16
640,AA5DD17FF1DE31CF8EE6C31D2B04DF8320E949EB67E1451A962A7B69032561EF,1st_time,청주시 상당구,3
641,AA5DD17FF1DE31CF8EE6C31D2B04DF8320E949EB67E1451A962A7B69032561EF,1st_time,청주시 서원구,7
642,AA5DD17FF1DE31CF8EE6C31D2B04DF8320E949EB67E1451A962A7B69032561EF,2nd_time,청주시 상당구,3
643,AA5DD17FF1DE31CF8EE6C31D2B04DF8320E949EB67E1451A962A7B69032561EF,2nd_time,청주시 서원구,5
644,AB2B5602619DF742178863DA2E4504402B2124F8FDCA9BAECDF39339C6683FC4,1st_time,청주시 서원구,7
645,AB2B5602619DF742178863DA2E4504402B2124F8FDCA9BAECDF39339C6683FC4,1st_time,청주시 흥덕구,55
646,AB2B5602619DF742178863DA2E4504402B2124F8FDCA9BAECDF39339C6683FC4,2nd_time,청주시 서원구,52
647,AB2B5602619DF742178863DA2E4504402B2124F8FDCA9BAECDF39339C6683FC4,2nd_time,청주시 청원구,1
648,AB2B5602619DF742178863DA2E4504402B2124F8FDCA9BAECDF39339C6683FC4,2nd_time,청주시 흥덕구,110
649,ABAEBBF8733D58FAFF2C7278A27803ED5092D189FCE97AE327FB2402837E40B1,1st_time,청주시 상당구,1
650,ABAEBBF8733D58FAFF2C7278A27803ED5092D189FCE97AE327FB2402837E40B1,1st_time,청주시 서원구,16
651,ABAEBBF8733D58FAFF2C7278A27803ED5092D189FCE97AE327FB2402837E40B1,1st_time,청주시 청원구,2
652,ABAEBBF8733D58FAFF2C7278A27803ED5092D189FCE97AE327FB2402837E40B1,1st_time,청주시 흥덕구,40
653,ABAEBBF8733D58FAFF2C7278A27803ED5092D189FCE97AE327FB2402837E40B1,2nd_time,청주시 상당구,5
654,ABAEBBF8733D58FAFF2C7278A27803ED5092D189FCE97AE327FB2402837E40B1,2nd_time,청주시 서원구,41
655,ABAEBBF8733D58FAFF2C7278A27803ED5092D189FCE97AE327FB2402837E40B1,2nd_time,청주시 청원구,11
656,ABAEBBF8733D58FAFF2C7278A27803ED5092D189FCE97AE327FB2402837E40B1,2nd_time,청주시 흥덕구,116
657,AC696853ABD0F170E995AACB861E603D6CD96F4E1486808B6C4EF152246AAB05,1st_time,청주시 서원구,1
658,AC696853ABD0F170E995AACB861E603D6CD96F4E1486808B6C4EF152246AAB05,1st_time,청주시 흥덕구,1
659,AC696853ABD0F170E995AACB861E603D6CD96F4E1486808B6C4EF152246AAB05,2nd_time,청주시 서원구,3
660,AC696853ABD0F170E995AACB861E603D6CD96F4E1486808B6C4EF152246AAB05,2nd_time,청주시 청원구,1
661,AC696853ABD0F170E995AACB861E603D6CD96F4E1486808B6C4EF152246AAB05,2nd_time,청주시 흥덕구,3
662,AE864E9F68E53A6125A21FCE8D5E4A5FBAEE71E1FC8B12C2647F3EAFA7A56AE1,1st_time,청주시 흥덕구,2
663,AE864E9F68E53A6125A21FCE8D5E4A5FBAEE71E1FC8B12C2647F3EAFA7A56AE1,2nd_time,청주시 흥덕구,2
664,B3AF84923A531C17458553DCAFC8D861DCE61F7458A7BEF02F23EFC6C2232637,1st_time,서초구,6
665,B3AF84923A531C17458553DCAFC8D861DCE61F7458A7BEF02F23EFC6C2232637,2nd_time,강남구,1
666,B3AF84923A531C17458553DCAFC8D861DCE61F7458A7BEF02F23EFC6C2232637,2nd_time,서초구,4
667,B46E0AE0CDF51395C6861EF854D5D7F6A8ACB9189F463303C00671D9DAD9F228,1st_time,청주시 흥덕구,2
668,B46E0AE0CDF51395C6861EF854D5D7F6A8ACB9189F463303C00671D9DAD9F228,2nd_time,청주시 서원구,21
669,B46E0AE0CDF51395C6861EF854D5D7F6A8ACB9189F463303C00671D9DAD9F228,2nd_time,청주시 흥덕구,17
670,B62C01E6F3BE761F02D1565E8C9E36C064A80DCC5B95DB261013D2992E6E6966,1st_time,청주시 서원구,1
671,B772901C5219713B5C807F351271FB59E7AE86B2FDB654BA24286C2F36B62FFD,1st_time,과천시,30
672,B772901C5219713B5C807F351271FB59E7AE86B2FDB654BA24286C2F36B62FFD,2nd_time,과천시,54
673,BA5F5FE6B6D5D7C7837FBE86D6D5F6FB2FD186AD6FED080291E1145489674829,1st_time,동작구,9
674,BA5F5FE6B6D5D7C7837FBE86D6D5F6FB2FD186AD6FED080291E1145489674829,1st_time,서초구,1
675,BA5F5FE6B6D5D7C7837FBE86D6D5F6FB2FD186AD6FED080291E1145489674829,2nd_time,동작구,47
676,BA5F5FE6B6D5D7C7837FBE86D6D5F6FB2FD186AD6FED080291E1145489674829,2nd_time,서초구,4
677,BB992E0094F137825E84B5E601F48C400B16EB688F13D0A7C67745FB576395F4,1st_time,관악구,2
678,BB992E0094F137825E84B5E601F48C400B16EB688F13D0A7C67745FB576395F4,1st_time,동작구,3
679,BB992E0094F137825E84B5E601F48C400B16EB688F13D0A7C67745FB576395F4,1st_time,서초구,41
680,BB992E0094F137825E84B5E601F48C400B16EB688F13D0A7C67745FB576395F4,2nd_time,관악구,2
681,BB992E0094F137825E84B5E601F48C400B16EB688F13D0A7C67745FB576395F4,2nd_time,서초구,41
682,BCADDADB4784DA0B59E8F89221DF5AD3E50441528CFE958F71F6AE9A8C54EAD7,1st_time,서초구,7
683,BCADDADB4784DA0B59E8F89221DF5AD3E50441528CFE958F71F6AE9A8C54EAD7,2nd_time,강남구,6
684,BCADDADB4784DA0B59E8F89221DF5AD3E50441528CFE958F71F6AE9A8C54EAD7,2nd_time,관악구,10
685,BCADDADB4784DA0B59E8F89221DF5AD3E50441528CFE958F71F6AE9A8C54EAD7,2nd_time,동작구,10
686,BCADDADB4784DA0B59E8F89221DF5AD3E50441528CFE958F71F6AE9A8C54EAD7,2nd_time,서초구,62
687,BE15773C1B5D246160407F483025C39E15293FA4D836AD0649C7183807FABB39,1st_time,청주시 상당구,5
688,BE15773C1B5D246160407F483025C39E15293FA4D836AD0649C7183807FABB39,1st_time,청주시 서원구,9
689,BE15773C1B5D246160407F483025C39E15293FA4D836AD0649C7183807FABB39,1st_time,청주시 청원구,3
690,BE15773C1B5D246160407F483025C39E15293FA4D836AD0649C7183807FABB39,2nd_time,청주시 상당구,20
691,BE15773C1B5D246160407F483025C39E15293FA4D836AD0649C7183807FABB39,2nd_time,청주시 서원구,12
692,BE15773C1B5D246160407F483025C39E15293FA4D836AD0649C7183807FABB39,2nd_time,청주시 청원구,2
693,BEE2E7B17714F3E1850FBC2F2A235C4FF6FE158928379A315248F570BCF79B08,1st_time,청주시 서원구,11
694,BEE2E7B17714F3E1850FBC2F2A235C4FF6FE158928379A315248F570BCF79B08,1st_time,청주시 흥덕구,83
695,BEE2E7B17714F3E1850FBC2F2A235C4FF6FE158928379A315248F570BCF79B08,2nd_time,청주시 서원구,29
696,BEE2E7B17714F3E1850FBC2F2A235C4FF6FE158928379A315248F570BCF79B08,2nd_time,청주시 흥덕구,100
697,C1EBEFCDFFABFDE2617C40F715749DCE2A872D7D51DD00AC2B83BD37270B7E9C,1st_time,과천시,9
698,C1EBEFCDFFABFDE2617C40F715749DCE2A872D7D51DD00AC2B83BD37270B7E9C,1st_time,안양시 동안구,7
699,C1EBEFCDFFABFDE2617C40F715749DCE2A872D7D51DD00AC2B83BD37270B7E9C,2nd_time,과천시,6
700,C1EBEFCDFFABFDE2617C40F715749DCE2A872D7D51DD00AC2B83BD37270B7E9C,2nd_time,의왕시,1
701,C2A10E05A3CF9073C1DBC6AF2DA7E6AFE4CC5F74E8DEB7D6C8DB9598F09B7151,2nd_time,관악구,6
702,C2A10E05A3CF9073C1DBC6AF2DA7E6AFE4CC5F74E8DEB7D6C8DB9598F09B7151,2nd_time,동작구,6
703,C2A10E05A3CF9073C1DBC6AF2DA7E6AFE4CC5F74E8DEB7D6C8DB9598F09B7151,2nd_time,서초구,4
704,C43E92664FC0D458F64337D6F4F236E9DB047D9F659C3BAD098AA25D7273A57D,1st_time,강남구,8
705,C43E92664FC0D458F64337D6F4F236E9DB047D9F659C3BAD098AA25D7273A57D,1st_time,서초구,30
706,C43E92664FC0D458F64337D6F4F236E9DB047D9F659C3BAD098AA25D7273A57D,2nd_time,강남구,25
707,C43E92664FC0D458F64337D6F4F236E9DB047D9F659C3BAD098AA25D7273A57D,2nd_time,서초구,50
708,C56085482DA871E5C84FF92EBBBFF2CC04B3B840C3BA0B1C1471C67E70A5FFD0,1st_time,청주시 상당구,4
709,C56085482DA871E5C84FF92EBBBFF2CC04B3B840C3BA0B1C1471C67E70A5FFD0,1st_time,청주시 서원구,4
710,C56085482DA871E5C84FF92EBBBFF2CC04B3B840C3BA0B1C1471C67E70A5FFD0,1st_time,청주시 흥덕구,3
711,C5B8F68288BA1C573FA8326636D92E8A1D25F0B494159E4B95B17BFB7E80CE41,1st_time,과천시,33
712,C5B8F68288BA1C573FA8326636D92E8A1D25F0B494159E4B95B17BFB7E80CE41,1st_time,안양시 동안구,1
713,C5B8F68288BA1C573FA8326636D92E8A1D25F0B494159E4B95B17BFB7E80CE41,1st_time,안양시 만안구,3
714,C5B8F68288BA1C573FA8326636D92E8A1D25F0B494159E4B95B17BFB7E80CE41,2nd_time,과천시,72
715,C5B8F68288BA1C573FA8326636D92E8A1D25F0B494159E4B95B17BFB7E80CE41,2nd_time,안양시 동안구,6
716,C5B8F68288BA1C573FA8326636D92E8A1D25F0B494159E4B95B17BFB7E80CE41,2nd_time,안양시 만안구,4
717,C5B8F68288BA1C573FA8326636D92E8A1D25F0B494159E4B95B17BFB7E80CE41,2nd_time,의왕시,2
718,C5BAB25ADFD2CA544216A3A59197D609FDA4A73D5D9D1D08753BB411F5D290A7,1st_time,청주시 서원구,8
719,C5BAB25ADFD2CA544216A3A59197D609FDA4A73D5D9D1D08753BB411F5D290A7,1st_time,청주시 흥덕구,35
720,C5BAB25ADFD2CA544216A3A59197D609FDA4A73D5D9D1D08753BB411F5D290A7,2nd_time,청주시 서원구,34
721,C5BAB25ADFD2CA544216A3A59197D609FDA4A73D5D9D1D08753BB411F5D290A7,2nd_time,청주시 흥덕구,50
722,C77CE5DC9E68B9C733D4831B933103C8BCB4ADDEE1C35589F456BC896F890AC3,2nd_time,청주시 흥덕구,2
723,C7F8B906E514F76BFDB1F806F0832C5F68C2A0BADEFC29092063488ECEFB4E04,1st_time,세종특별자치시,22
724,C7F8B906E514F76BFDB1F806F0832C5F68C2A0BADEFC29092063488ECEFB4E04,2nd_time,세종특별자치시,9
725,CF3CC9FCBFD5E4F78E050710F06BF6B78731C375D11165E10ACA2BC448B6D8F8,1st_time,관악구,1
726,CF3CC9FCBFD5E4F78E050710F06BF6B78731C375D11165E10ACA2BC448B6D8F8,1st_time,동작구,10
727,CF3CC9FCBFD5E4F78E050710F06BF6B78731C375D11165E10ACA2BC448B6D8F8,1st_time,서초구,3
728,CF3CC9FCBFD5E4F78E050710F06BF6B78731C375D11165E10ACA2BC448B6D8F8,2nd_time,관악구,2
729,CF3CC9FCBFD5E4F78E050710F06BF6B78731C375D11165E10ACA2BC448B6D8F8,2nd_time,동작구,13
730,CF3CC9FCBFD5E4F78E050710F06BF6B78731C375D11165E10ACA2BC448B6D8F8,2nd_time,서초구,20
731,D10EBEE2C0F394C78049135C1E956CB7E17419D46148C503B99B975048A091C2,1st_time,강남구,5
732,D10EBEE2C0F394C78049135C1E956CB7E17419D46148C503B99B975048A091C2,1st_time,서초구,2
733,D10EBEE2C0F394C78049135C1E956CB7E17419D46148C503B99B975048A091C2,2nd_time,강남구,2
734,D10EBEE2C0F394C78049135C1E956CB7E17419D46148C503B99B975048A091C2,2nd_time,서초구,7
735,D16A42663A08908B1E240719FBAF7F146FEE2E750E32BA932F4BA4BFB38D741A,1st_time,청주시 서원구,8
736,D16A42663A08908B1E240719FBAF7F146FEE2E750E32BA932F4BA4BFB38D741A,1st_time,청주시 흥덕구,83
737,D16A42663A08908B1E240719FBAF7F146FEE2E750E32BA932F4BA4BFB38D741A,2nd_time,청주시 서원구,8
738,D16A42663A08908B1E240719FBAF7F146FEE2E750E32BA932F4BA4BFB38D741A,2nd_time,청주시 흥덕구,155
739,D34BB7148767856CADF2696BB03C28BA641B64AAC1B19871DFF9D373E334A486,1st_time,강남구,7
740,D34BB7148767856CADF2696BB03C28BA641B64AAC1B19871DFF9D373E334A486,1st_time,서초구,15
741,D34BB7148767856CADF2696BB03C28BA641B64AAC1B19871DFF9D373E334A486,2nd_time,강남구,4
742,D34BB7148767856CADF2696BB03C28BA641B64AAC1B19871DFF9D373E334A486,2nd_time,관악구,4
743,D34BB7148767856CADF2696BB03C28BA641B64AAC1B19871DFF9D373E334A486,2nd_time,동작구,3
744,D34BB7148767856CADF2696BB03C28BA641B64AAC1B19871DFF9D373E334A486,2nd_time,서초구,11
745,D40463DEADEF0DBFDC5E124DEB9A14C5B4E7ADCB7ECC7B98FDDFDE360906B708,1st_time,과천시,43
746,D40463DEADEF0DBFDC5E124DEB9A14C5B4E7ADCB7ECC7B98FDDFDE360906B708,2nd_time,과천시,76
747,D4513BBE6E45FE24C619024E723D2BAA7EB6AFE7F5CE4E381DACE66A28EB89B8,1st_time,청주시 서원구,1
748,D4513BBE6E45FE24C619024E723D2BAA7EB6AFE7F5CE4E381DACE66A28EB89B8,1st_time,청주시 흥덕구,1
749,D4513BBE6E45FE24C619024E723D2BAA7EB6AFE7F5CE4E381DACE66A28EB89B8,2nd_time,청주시 서원구,2
750,D4513BBE6E45FE24C619024E723D2BAA7EB6AFE7F5CE4E381DACE66A28EB89B8,2nd_time,청주시 흥덕구,1
751,D51895C8C176EDCCA09394F81DA0A213951805CC7FCC421B5DD31418A0B04839,2nd_time,청주시 흥덕구,11
752,D5875C9673DC57A708162E56E9F0C971BD7F27C2FFB1440DF281F6C71473A0C4,1st_time,청주시 흥덕구,3
753,D668FAFCA5C2D2FF70A3018C640BEEC3960E66C740BF09DAEBAA3E73903E9A07,2nd_time,청주시 흥덕구,3
754,D683B729EBB8CC0DC3966CEC2670A9E04C898A98C16BF22A9EB16195597C0358,1st_time,강남구,4
755,D683B729EBB8CC0DC3966CEC2670A9E04C898A98C16BF22A9EB16195597C0358,1st_time,서초구,31
756,D683B729EBB8CC0DC3966CEC2670A9E04C898A98C16BF22A9EB16195597C0358,2nd_time,서초구,30
757,D7B4B3668059A79993EAEDD1C86593395CE3FBB88B77B3F93214FCE8B58B4977,1st_time,강남구,30
758,D7B4B3668059A79993EAEDD1C86593395CE3FBB88B77B3F93214FCE8B58B4977,1st_time,서초구,24
759,D7B4B3668059A79993EAEDD1C86593395CE3FBB88B77B3F93214FCE8B58B4977,2nd_time,강남구,20
760,D7B4B3668059A79993EAEDD1C86593395CE3FBB88B77B3F93214FCE8B58B4977,2nd_time,서초구,35
761,D84BF972A8A1AD9A99D752E1D999E662070CD0E009CE5AA25247EA2EA5F6825A,1st_time,강남구,1
762,D84BF972A8A1AD9A99D752E1D999E662070CD0E009CE5AA25247EA2EA5F6825A,1st_time,관악구,11
763,D84BF972A8A1AD9A99D752E1D999E662070CD0E009CE5AA25247EA2EA5F6825A,1st_time,동작구,13
764,D84BF972A8A1AD9A99D752E1D999E662070CD0E009CE5AA25247EA2EA5F6825A,1st_time,서초구,18
765,D84BF972A8A1AD9A99D752E1D999E662070CD0E009CE5AA25247EA2EA5F6825A,2nd_time,강남구,22
766,D84BF972A8A1AD9A99D752E1D999E662070CD0E009CE5AA25247EA2EA5F6825A,2nd_time,관악구,37
767,D84BF972A8A1AD9A99D752E1D999E662070CD0E009CE5AA25247EA2EA5F6825A,2nd_time,구로구,1
768,D84BF972A8A1AD9A99D752E1D999E662070CD0E009CE5AA25247EA2EA5F6825A,2nd_time,금천구,3
769,D84BF972A8A1AD9A99D752E1D999E662070CD0E009CE5AA25247EA2EA5F6825A,2nd_time,동작구,19
770,D84BF972A8A1AD9A99D752E1D999E662070CD0E009CE5AA25247EA2EA5F6825A,2nd_time,서초구,14
771,D8E301E2BBE09B3856E831C4D022CF7B5F2DB9281991576812A049764B1F96C3,1st_time,강남구,14
772,D8E301E2BBE09B3856E831C4D022CF7B5F2DB9281991576812A049764B1F96C3,1st_time,서초구,23
773,D8E301E2BBE09B3856E831C4D022CF7B5F2DB9281991576812A049764B1F96C3,1st_time,송파구,1
774,D8E301E2BBE09B3856E831C4D022CF7B5F2DB9281991576812A049764B1F96C3,2nd_time,강남구,3
775,D8E301E2BBE09B3856E831C4D022CF7B5F2DB9281991576812A049764B1F96C3,2nd_time,서초구,16
776,D9F6C72093D7173F235CF8BB7D1150FAD0A04A4CF3D9D2AEF05DE979B708EBCB,2nd_time,청주시 흥덕구,3
777,DB07BA3723DA770BD4978E8EEDB26C08FF634596413A386C18864F66AED67F9F,1st_time,강남구,9
778,DB07BA3723DA770BD4978E8EEDB26C08FF634596413A386C18864F66AED67F9F,1st_time,관악구,11
779,DB07BA3723DA770BD4978E8EEDB26C08FF634596413A386C18864F66AED67F9F,1st_time,금천구,5
780,DB07BA3723DA770BD4978E8EEDB26C08FF634596413A386C18864F66AED67F9F,1st_time,동작구,9
781,DB07BA3723DA770BD4978E8EEDB26C08FF634596413A386C18864F66AED67F9F,1st_time,서초구,15
782,DB07BA3723DA770BD4978E8EEDB26C08FF634596413A386C18864F66AED67F9F,1st_time,영등포구,1
783,DB07BA3723DA770BD4978E8EEDB26C08FF634596413A386C18864F66AED67F9F,2nd_time,강남구,3
784,DB07BA3723DA770BD4978E8EEDB26C08FF634596413A386C18864F66AED67F9F,2nd_time,관악구,6
785,DB07BA3723DA770BD4978E8EEDB26C08FF634596413A386C18864F66AED67F9F,2nd_time,동작구,2
786,DB07BA3723DA770BD4978E8EEDB26C08FF634596413A386C18864F66AED67F9F,2nd_time,서초구,20
787,DC170B10CEBB2B56B699461887DABA8FD4860093ED2851E65C44687DC997CDBE,1st_time,청주시 서원구,26
788,DC170B10CEBB2B56B699461887DABA8FD4860093ED2851E65C44687DC997CDBE,1st_time,청주시 청원구,6
789,DC170B10CEBB2B56B699461887DABA8FD4860093ED2851E65C44687DC997CDBE,1st_time,청주시 흥덕구,40
790,DC170B10CEBB2B56B699461887DABA8FD4860093ED2851E65C44687DC997CDBE,2nd_time,청주시 상당구,4
791,DC170B10CEBB2B56B699461887DABA8FD4860093ED2851E65C44687DC997CDBE,2nd_time,청주시 서원구,26
792,DC170B10CEBB2B56B699461887DABA8FD4860093ED2851E65C44687DC997CDBE,2nd_time,청주시 청원구,13
793,DC170B10CEBB2B56B699461887DABA8FD4860093ED2851E65C44687DC997CDBE,2nd_time,청주시 흥덕구,30
794,DDF1DE72C021C6C75DCB1A76D5C3474C3C4B7ADADA6DDF9D4D2D588BFE03BE04,1st_time,관악구,1
795,DDF1DE72C021C6C75DCB1A76D5C3474C3C4B7ADADA6DDF9D4D2D588BFE03BE04,1st_time,동작구,1
796,DDF1DE72C021C6C75DCB1A76D5C3474C3C4B7ADADA6DDF9D4D2D588BFE03BE04,1st_time,서초구,27
797,DDF1DE72C021C6C75DCB1A76D5C3474C3C4B7ADADA6DDF9D4D2D588BFE03BE04,1st_time,영등포구,4
798,DDF1DE72C021C6C75DCB1A76D5C3474C3C4B7ADADA6DDF9D4D2D588BFE03BE04,2nd_time,서초구,45
799,DDF7C904243117157946C97A8B0E2096A541F836E6B4D7E99FE98264A0622CB9,1st_time,강남구,14
800,DDF7C904243117157946C97A8B0E2096A541F836E6B4D7E99FE98264A0622CB9,1st_time,서초구,36
801,DDF7C904243117157946C97A8B0E2096A541F836E6B4D7E99FE98264A0622CB9,2nd_time,강남구,9
802,DDF7C904243117157946C97A8B0E2096A541F836E6B4D7E99FE98264A0622CB9,2nd_time,서초구,45
803,DE7AEE7662DD2D5E1E2F5855B5E519D2D04EA8B9EC745A56A11A09C32DE7FE89,1st_time,청주시 서원구,6
804,DE7AEE7662DD2D5E1E2F5855B5E519D2D04EA8B9EC745A56A11A09C32DE7FE89,1st_time,청주시 흥덕구,1
805,DE7AEE7662DD2D5E1E2F5855B5E519D2D04EA8B9EC745A56A11A09C32DE7FE89,2nd_time,청주시 상당구,4
806,DE7AEE7662DD2D5E1E2F5855B5E519D2D04EA8B9EC745A56A11A09C32DE7FE89,2nd_time,청주시 서원구,8
807,DE7AEE7662DD2D5E1E2F5855B5E519D2D04EA8B9EC745A56A11A09C32DE7FE89,2nd_time,청주시 청원구,2
808,DE7AEE7662DD2D5E1E2F5855B5E519D2D04EA8B9EC745A56A11A09C32DE7FE89,2nd_time,청주시 흥덕구,3
809,DE9B49704EDE22870CFC66CA03D57385AA5E00CFE811608822D1DD2D9FA5C7F5,1st_time,과천시,31
810,DE9B49704EDE22870CFC66CA03D57385AA5E00CFE811608822D1DD2D9FA5C7F5,2nd_time,과천시,75
811,DEEAA747070931900D577E3D5D4C8C314E79F2EF4786CF07B00C391D7034AF97,1st_time,과천시,18
812,DEEAA747070931900D577E3D5D4C8C314E79F2EF4786CF07B00C391D7034AF97,1st_time,서초구,1
813,DEEAA747070931900D577E3D5D4C8C314E79F2EF4786CF07B00C391D7034AF97,1st_time,안양시 동안구,2
814,DEEAA747070931900D577E3D5D4C8C314E79F2EF4786CF07B00C391D7034AF97,2nd_time,과천시,15
815,DEEAA747070931900D577E3D5D4C8C314E79F2EF4786CF07B00C391D7034AF97,2nd_time,서초구,1
816,DEEAA747070931900D577E3D5D4C8C314E79F2EF4786CF07B00C391D7034AF97,2nd_time,안양시 동안구,9
817,DEEAA747070931900D577E3D5D4C8C314E79F2EF4786CF07B00C391D7034AF97,2nd_time,의왕시,5
818,DF83C67FD954E5308B48183578832D88C72990B4276422C1E1F3E274201078C0,1st_time,과천시,38
819,DF83C67FD954E5308B48183578832D88C72990B4276422C1E1F3E274201078C0,2nd_time,과천시,29
820,DF83C67FD954E5308B48183578832D88C72990B4276422C1E1F3E274201078C0,2nd_time,서초구,1
821,DFBBB8EEF7C32FA0C8790DA8E2D474CB45519F2BC4970C8B05E2C461BD1188E7,1st_time,청주시 상당구,8
822,DFBBB8EEF7C32FA0C8790DA8E2D474CB45519F2BC4970C8B05E2C461BD1188E7,1st_time,청주시 서원구,10
823,DFBBB8EEF7C32FA0C8790DA8E2D474CB45519F2BC4970C8B05E2C461BD1188E7,1st_time,청주시 흥덕구,4
824,DFBBB8EEF7C32FA0C8790DA8E2D474CB45519F2BC4970C8B05E2C461BD1188E7,2nd_time,청주시 상당구,10
825,DFBBB8EEF7C32FA0C8790DA8E2D474CB45519F2BC4970C8B05E2C461BD1188E7,2nd_time,청주시 서원구,2
826,E05D0AB0AF42952CD071F9112FB2B3BE9F7593F00EC54D4E4606D6FD2A878F86,1st_time,청주시 상당구,7
827,E05D0AB0AF42952CD071F9112FB2B3BE9F7593F00EC54D4E4606D6FD2A878F86,1st_time,청주시 서원구,16
828,E05D0AB0AF42952CD071F9112FB2B3BE9F7593F00EC54D4E4606D6FD2A878F86,1st_time,청주시 흥덕구,10
829,E05D0AB0AF42952CD071F9112FB2B3BE9F7593F00EC54D4E4606D6FD2A878F86,2nd_time,청주시 상당구,11
830,E05D0AB0AF42952CD071F9112FB2B3BE9F7593F00EC54D4E4606D6FD2A878F86,2nd_time,청주시 서원구,48
831,E05D0AB0AF42952CD071F9112FB2B3BE9F7593F00EC54D4E4606D6FD2A878F86,2nd_time,청주시 청원구,7
832,E05D0AB0AF42952CD071F9112FB2B3BE9F7593F00EC54D4E4606D6FD2A878F86,2nd_time,청주시 흥덕구,12
833,E118A57DE26310A47E0908F19C5F83671673B0BA2FD5611FCE2BE044AA692599,1st_time,청주시 상당구,13
834,E118A57DE26310A47E0908F19C5F83671673B0BA2FD5611FCE2BE044AA692599,1st_time,청주시 서원구,29
835,E118A57DE26310A47E0908F19C5F83671673B0BA2FD5611FCE2BE044AA692599,1st_time,청주시 청원구,1
836,E118A57DE26310A47E0908F19C5F83671673B0BA2FD5611FCE2BE044AA692599,1st_time,청주시 흥덕구,32
837,E118A57DE26310A47E0908F19C5F83671673B0BA2FD5611FCE2BE044AA692599,2nd_time,청주시 상당구,2
838,E118A57DE26310A47E0908F19C5F83671673B0BA2FD5611FCE2BE044AA692599,2nd_time,청주시 서원구,38
839,E118A57DE26310A47E0908F19C5F83671673B0BA2FD5611FCE2BE044AA692599,2nd_time,청주시 흥덕구,34
840,E16B01F06560A749FA7B3CB0629A263BEF914A9A3C753A078904B2D48BC11576,1st_time,청주시 서원구,21
841,E16B01F06560A749FA7B3CB0629A263BEF914A9A3C753A078904B2D48BC11576,1st_time,청주시 흥덕구,15
842,E16B01F06560A749FA7B3CB0629A263BEF914A9A3C753A078904B2D48BC11576,2nd_time,청주시 서원구,23
843,E16B01F06560A749FA7B3CB0629A263BEF914A9A3C753A078904B2D48BC11576,2nd_time,청주시 흥덕구,2
844,E178A0F9CDE83E6FCD5A273AA9A8744329EEDF8C6F5EB89694121B9E100B6F16,1st_time,청주시 상당구,3
845,E178A0F9CDE83E6FCD5A273AA9A8744329EEDF8C6F5EB89694121B9E100B6F16,1st_time,청주시 서원구,10
846,E178A0F9CDE83E6FCD5A273AA9A8744329EEDF8C6F5EB89694121B9E100B6F16,1st_time,청주시 청원구,2
847,E178A0F9CDE83E6FCD5A273AA9A8744329EEDF8C6F5EB89694121B9E100B6F16,1st_time,청주시 흥덕구,16
848,E178A0F9CDE83E6FCD5A273AA9A8744329EEDF8C6F5EB89694121B9E100B6F16,2nd_time,청주시 상당구,5
849,E178A0F9CDE83E6FCD5A273AA9A8744329EEDF8C6F5EB89694121B9E100B6F16,2nd_time,청주시 서원구,11
850,E178A0F9CDE83E6FCD5A273AA9A8744329EEDF8C6F5EB89694121B9E100B6F16,2nd_time,청주시 청원구,1
851,E178A0F9CDE83E6FCD5A273AA9A8744329EEDF8C6F5EB89694121B9E100B6F16,2nd_time,청주시 흥덕구,45
852,E19C6FC822B37131C90AA06C60714E3DC9E039414491672D6321C2F10AB6D42D,1st_time,과천시,18
853,E19C6FC822B37131C90AA06C60714E3DC9E039414491672D6321C2F10AB6D42D,2nd_time,과천시,20
854,E27697DDDFEBD21ADD6995CEEB51BDF2DC4FAB8491ED57261DF077BE938EC284,2nd_time,청주시 상당구,1
855,E27697DDDFEBD21ADD6995CEEB51BDF2DC4FAB8491ED57261DF077BE938EC284,2nd_time,청주시 서원구,6
856,E27697DDDFEBD21ADD6995CEEB51BDF2DC4FAB8491ED57261DF077BE938EC284,2nd_time,청주시 청원구,1
857,E27697DDDFEBD21ADD6995CEEB51BDF2DC4FAB8491ED57261DF077BE938EC284,2nd_time,청주시 흥덕구,3
858,E2A1541527380EFE119A7810E2B4CCCA66BD068DFBD84E4A8A5F1B188FB5F308,1st_time,강남구,6
859,E2A1541527380EFE119A7810E2B4CCCA66BD068DFBD84E4A8A5F1B188FB5F308,1st_time,서초구,40
860,E2A1541527380EFE119A7810E2B4CCCA66BD068DFBD84E4A8A5F1B188FB5F308,2nd_time,강남구,9
861,E2A1541527380EFE119A7810E2B4CCCA66BD068DFBD84E4A8A5F1B188FB5F308,2nd_time,동작구,4
862,E2A1541527380EFE119A7810E2B4CCCA66BD068DFBD84E4A8A5F1B188FB5F308,2nd_time,서초구,71
863,E4ADC234A99740012DEF445A0D308C4AB880524DF647559C8411F113CFEC6A07,1st_time,청주시 서원구,7
864,E4ADC234A99740012DEF445A0D308C4AB880524DF647559C8411F113CFEC6A07,1st_time,청주시 흥덕구,18
865,E4ADC234A99740012DEF445A0D308C4AB880524DF647559C8411F113CFEC6A07,2nd_time,청주시 서원구,35
866,E4ADC234A99740012DEF445A0D308C4AB880524DF647559C8411F113CFEC6A07,2nd_time,청주시 흥덕구,31
867,E5757DBE2AD0F9BC18F70EF5259478593AC8F500FF50AB12FC7146252E16EE3F,1st_time,청주시 서원구,10
868,E5757DBE2AD0F9BC18F70EF5259478593AC8F500FF50AB12FC7146252E16EE3F,2nd_time,청주시 상당구,4
869,E5757DBE2AD0F9BC18F70EF5259478593AC8F500FF50AB12FC7146252E16EE3F,2nd_time,청주시 서원구,113
870,E5757DBE2AD0F9BC18F70EF5259478593AC8F500FF50AB12FC7146252E16EE3F,2nd_time,청주시 흥덕구,4
871,E885A781683A5F6EE73A561EEEBFCF4E54EE7B3699CB92C1797760A35FE2FE28,1st_time,강남구,4
872,E885A781683A5F6EE73A561EEEBFCF4E54EE7B3699CB92C1797760A35FE2FE28,1st_time,서초구,8
873,E885A781683A5F6EE73A561EEEBFCF4E54EE7B3699CB92C1797760A35FE2FE28,2nd_time,강남구,7
874,E885A781683A5F6EE73A561EEEBFCF4E54EE7B3699CB92C1797760A35FE2FE28,2nd_time,서초구,24
875,EA3DB7D345145956FB559221AA6F95AA882A355566DA341AC7071A72BE0AC0B5,1st_time,청주시 서원구,1
876,EB403F35FEF51CE20B9A1C88B17058AF5069F6D689DBF0D748AE2B3F3070CC69,1st_time,강남구,6
877,EB403F35FEF51CE20B9A1C88B17058AF5069F6D689DBF0D748AE2B3F3070CC69,1st_time,구로구,1
878,EB403F35FEF51CE20B9A1C88B17058AF5069F6D689DBF0D748AE2B3F3070CC69,1st_time,금천구,1
879,EB403F35FEF51CE20B9A1C88B17058AF5069F6D689DBF0D748AE2B3F3070CC69,1st_time,동작구,5
880,EB403F35FEF51CE20B9A1C88B17058AF5069F6D689DBF0D748AE2B3F3070CC69,1st_time,서초구,15
881,EB403F35FEF51CE20B9A1C88B17058AF5069F6D689DBF0D748AE2B3F3070CC69,1st_time,영등포구,4
882,EB403F35FEF51CE20B9A1C88B17058AF5069F6D689DBF0D748AE2B3F3070CC69,2nd_time,강남구,6
883,EB403F35FEF51CE20B9A1C88B17058AF5069F6D689DBF0D748AE2B3F3070CC69,2nd_time,관악구,1
884,EB403F35FEF51CE20B9A1C88B17058AF5069F6D689DBF0D748AE2B3F3070CC69,2nd_time,동작구,5
885,EB403F35FEF51CE20B9A1C88B17058AF5069F6D689DBF0D748AE2B3F3070CC69,2nd_time,서초구,32
886,EB403F35FEF51CE20B9A1C88B17058AF5069F6D689DBF0D748AE2B3F3070CC69,2nd_time,영등포구,4
887,EC6464A427DC82A896CA7716B2C1EAC0D71CC653AD01EEE2749CFDF7330665F4,2nd_time,강남구,4
888,EC6464A427DC82A896CA7716B2C1EAC0D71CC653AD01EEE2749CFDF7330665F4,2nd_time,관악구,4
889,EC6464A427DC82A896CA7716B2C1EAC0D71CC653AD01EEE2749CFDF7330665F4,2nd_time,동작구,11
890,EC6464A427DC82A896CA7716B2C1EAC0D71CC653AD01EEE2749CFDF7330665F4,2nd_time,서초구,55
891,ED8289B2F5649E1FBA472102EABB5ED93454BD73CB7CA25A5717672B2209453A,1st_time,청주시 상당구,1
892,ED8289B2F5649E1FBA472102EABB5ED93454BD73CB7CA25A5717672B2209453A,1st_time,청주시 서원구,5
893,ED8289B2F5649E1FBA472102EABB5ED93454BD73CB7CA25A5717672B2209453A,2nd_time,청주시 서원구,10
894,ED8289B2F5649E1FBA472102EABB5ED93454BD73CB7CA25A5717672B2209453A,2nd_time,청주시 흥덕구,2
895,ED9B83B64649D63560C2DA657CBC1E1E30B6BC9B38B6B09CC0D913D9A129D7E4,1st_time,청주시 상당구,7
896,ED9B83B64649D63560C2DA657CBC1E1E30B6BC9B38B6B09CC0D913D9A129D7E4,1st_time,청주시 서원구,14
897,ED9B83B64649D63560C2DA657CBC1E1E30B6BC9B38B6B09CC0D913D9A129D7E4,1st_time,청주시 청원구,13
898,ED9B83B64649D63560C2DA657CBC1E1E30B6BC9B38B6B09CC0D913D9A129D7E4,1st_time,청주시 흥덕구,23
899,ED9B83B64649D63560C2DA657CBC1E1E30B6BC9B38B6B09CC0D913D9A129D7E4,2nd_time,청주시 상당구,49
900,ED9B83B64649D63560C2DA657CBC1E1E30B6BC9B38B6B09CC0D913D9A129D7E4,2nd_time,청주시 서원구,12
901,ED9B83B64649D63560C2DA657CBC1E1E30B6BC9B38B6B09CC0D913D9A129D7E4,2nd_time,청주시 청원구,3
902,ED9B83B64649D63560C2DA657CBC1E1E30B6BC9B38B6B09CC0D913D9A129D7E4,2nd_time,청주시 흥덕구,26
903,EE3A658475FF04767915269352379F3E5CD544DF707CFBD3707795A401D327FC,1st_time,강남구,19
904,EE3A658475FF04767915269352379F3E5CD544DF707CFBD3707795A401D327FC,1st_time,관악구,3
905,EE3A658475FF04767915269352379F3E5CD544DF707CFBD3707795A401D327FC,1st_time,동작구,1
906,EE3A658475FF04767915269352379F3E5CD544DF707CFBD3707795A401D327FC,1st_time,서초구,28
907,EE3A658475FF04767915269352379F3E5CD544DF707CFBD3707795A401D327FC,2nd_time,강남구,17
908,EE3A658475FF04767915269352379F3E5CD544DF707CFBD3707795A401D327FC,2nd_time,관악구,13
909,EE3A658475FF04767915269352379F3E5CD544DF707CFBD3707795A401D327FC,2nd_time,동작구,6
910,EE3A658475FF04767915269352379F3E5CD544DF707CFBD3707795A401D327FC,2nd_time,서초구,34
911,EEE5F60630976D594230867CF4989EC2D1BAAEFCB2374486D57961F3A9FA1E06,1st_time,관악구,2
912,EEE5F60630976D594230867CF4989EC2D1BAAEFCB2374486D57961F3A9FA1E06,1st_time,동작구,12
913,EEE5F60630976D594230867CF4989EC2D1BAAEFCB2374486D57961F3A9FA1E06,1st_time,서초구,1
914,EEE5F60630976D594230867CF4989EC2D1BAAEFCB2374486D57961F3A9FA1E06,2nd_time,관악구,6
915,EEE5F60630976D594230867CF4989EC2D1BAAEFCB2374486D57961F3A9FA1E06,2nd_time,동작구,7
916,EEE5F60630976D594230867CF4989EC2D1BAAEFCB2374486D57961F3A9FA1E06,2nd_time,서초구,11
917,EF9F7010FA372E4517915ADD579E46B2FBC6B081FB21CE1AA5DA51AEB3167455,1st_time,청주시 상당구,1
918,EF9F7010FA372E4517915ADD579E46B2FBC6B081FB21CE1AA5DA51AEB3167455,1st_time,청주시 서원구,2
919,EF9F7010FA372E4517915ADD579E46B2FBC6B081FB21CE1AA5DA51AEB3167455,2nd_time,청주시 상당구,3
920,EF9F7010FA372E4517915ADD579E46B2FBC6B081FB21CE1AA5DA51AEB3167455,2nd_time,청주시 서원구,5
921,EFBCA2E13326041FDFDFBE8B686CB68A7FB99B42BF5BB6804E8C4A9F2547E405,1st_time,청주시 서원구,28
922,EFBCA2E13326041FDFDFBE8B686CB68A7FB99B42BF5BB6804E8C4A9F2547E405,1st_time,청주시 흥덕구,4
923,EFBCA2E13326041FDFDFBE8B686CB68A7FB99B42BF5BB6804E8C4A9F2547E405,2nd_time,청주시 서원구,39
924,EFBCA2E13326041FDFDFBE8B686CB68A7FB99B42BF5BB6804E8C4A9F2547E405,2nd_time,청주시 흥덕구,5
925,F057B3FCE7AA8CF10CC79BCBB0C038EE9178D900E4680CF94637235488C00ED3,1st_time,청주시 서원구,3
926,F057B3FCE7AA8CF10CC79BCBB0C038EE9178D900E4680CF94637235488C00ED3,1st_time,청주시 흥덕구,30
927,F057B3FCE7AA8CF10CC79BCBB0C038EE9178D900E4680CF94637235488C00ED3,2nd_time,청주시 서원구,2
928,F057B3FCE7AA8CF10CC79BCBB0C038EE9178D900E4680CF94637235488C00ED3,2nd_time,청주시 흥덕구,32
929,F2094EF4690C35D2625C42253A3CA0BA4537A5112AD55727AB71E1258FAF5523,1st_time,청주시 서원구,6
930,F2094EF4690C35D2625C42253A3CA0BA4537A5112AD55727AB71E1258FAF5523,1st_time,청주시 흥덕구,30
931,F2094EF4690C35D2625C42253A3CA0BA4537A5112AD55727AB71E1258FAF5523,2nd_time,청주시 서원구,4
932,F2094EF4690C35D2625C42253A3CA0BA4537A5112AD55727AB71E1258FAF5523,2nd_time,청주시 흥덕구,81
933,F2142D968EAFB5011251F3B2F0BA7BBE0220F0E9445B8D7CC1B16DD68C75E962,1st_time,과천시,2
934,F2142D968EAFB5011251F3B2F0BA7BBE0220F0E9445B8D7CC1B16DD68C75E962,1st_time,서초구,27
935,F2142D968EAFB5011251F3B2F0BA7BBE0220F0E9445B8D7CC1B16DD68C75E962,2nd_time,강남구,4
936,F2142D968EAFB5011251F3B2F0BA7BBE0220F0E9445B8D7CC1B16DD68C75E962,2nd_time,과천시,2
937,F2142D968EAFB5011251F3B2F0BA7BBE0220F0E9445B8D7CC1B16DD68C75E962,2nd_time,서초구,47
938,F25FDF3EC25FBAC371CB9B3685B2A904A693E067CB909F9566E5B78D0F21B2AF,1st_time,강남구,9
939,F25FDF3EC25FBAC371CB9B3685B2A904A693E067CB909F9566E5B78D0F21B2AF,1st_time,서초구,25
940,F25FDF3EC25FBAC371CB9B3685B2A904A693E067CB909F9566E5B78D0F21B2AF,2nd_time,강남구,12
941,F25FDF3EC25FBAC371CB9B3685B2A904A693E067CB909F9566E5B78D0F21B2AF,2nd_time,과천시,1
942,F25FDF3EC25FBAC371CB9B3685B2A904A693E067CB909F9566E5B78D0F21B2AF,2nd_time,서초구,45
943,F2CDB6469ED8D3D07AA75BBE10A58CF94C87975D8649E44C992C8B571F3816AF,1st_time,강남구,11
944,F2CDB6469ED8D3D07AA75BBE10A58CF94C87975D8649E44C992C8B571F3816AF,1st_time,서초구,17
945,F2CDB6469ED8D3D07AA75BBE10A58CF94C87975D8649E44C992C8B571F3816AF,2nd_time,강남구,20
946,F2CDB6469ED8D3D07AA75BBE10A58CF94C87975D8649E44C992C8B571F3816AF,2nd_time,과천시,1
947,F2CDB6469ED8D3D07AA75BBE10A58CF94C87975D8649E44C992C8B571F3816AF,2nd_time,서초구,36
948,F609195942CE83C2F86FC3D828B36D199A768057CAC5653114D0DB5251BFD0ED,1st_time,청주시 서원구,2
949,F609195942CE83C2F86FC3D828B36D199A768057CAC5653114D0DB5251BFD0ED,1st_time,청주시 흥덕구,8
950,F609195942CE83C2F86FC3D828B36D199A768057CAC5653114D0DB5251BFD0ED,2nd_time,청주시 서원구,5
951,F609195942CE83C2F86FC3D828B36D199A768057CAC5653114D0DB5251BFD0ED,2nd_time,청주시 흥덕구,13
952,F657745DD4572B52DD0F1C746F3F0DA85D81CFFEAC6E2EBDEF3A2B6ADD7BF12B,1st_time,청주시 서원구,9
953,F657745DD4572B52DD0F1C746F3F0DA85D81CFFEAC6E2EBDEF3A2B6ADD7BF12B,1st_time,청주시 흥덕구,24
954,F657745DD4572B52DD0F1C746F3F0DA85D81CFFEAC6E2EBDEF3A2B6ADD7BF12B,2nd_time,청주시 서원구,13
955,F657745DD4572B52DD0F1C746F3F0DA85D81CFFEAC6E2EBDEF3A2B6ADD7BF12B,2nd_time,청주시 흥덕구,44
956,F708C9F971DD9F4E7FBD3FA9229F948DA07793E290840BACCBEC2BB53A7F2545,1st_time,강남구,12
957,F708C9F971DD9F4E7FBD3FA9229F948DA07793E290840BACCBEC2BB53A7F2545,1st_time,서초구,33
958,F708C9F971DD9F4E7FBD3FA9229F948DA07793E290840BACCBEC2BB53A7F2545,2nd_time,서초구,25
959,F9FE7A7229622C45B2A134CC612D821579B96EA8A13D41622C94BBED8E12C171,1st_time,청주시 흥덕구,1
960,FBB848FA5D62DEF67B8C0F8EFA16A263D9BF3DB673C1EAD06A1922A00D076019,1st_time,서초구,22
961,FBB848FA5D62DEF67B8C0F8EFA16A263D9BF3DB673C1EAD06A1922A00D076019,2nd_time,서초구,22
962,FD68F111DEC26AF0349BCB50E89631650B000CE96F11226A9D5D292F756E516A,1st_time,강남구,6
963,FD68F111DEC26AF0349BCB50E89631650B000CE96F11226A9D5D292F756E516A,1st_time,서초구,11
964,FD68F111DEC26AF0349BCB50E89631650B000CE96F11226A9D5D292F756E516A,2nd_time,강남구,25
965,FD68F111DEC26AF0349BCB50E89631650B000CE96F11226A9D5D292F756E516A,2nd_time,관악구,1
966,FD68F111DEC26AF0349BCB50E89631650B000CE96F11226A9D5D292F756E516A,2nd_time,서초구,45
967,FE6C0F539ED45CF61322540B51FBECE333F1B60B45BD7E08994C6DD902D58763,1st_time,과천시,70
968,FE6C0F539ED45CF61322540B51FBECE333F1B60B45BD7E08994C6DD902D58763,2nd_time,과천시,54
969,FEEE24161F034564C43ECBB98C85746C3E58FFFC416C53F8417FEBE04999191B,2nd_time,청주시 서원구,4
970,FEEE24161F034564C43ECBB98C85746C3E58FFFC416C53F8417FEBE04999191B,2nd_time,청주시 흥덕구,8
971,FF2C5711560CA5C1CB919BA96CA03445621347960726EBC3959F676AE453301E,1st_time,청주시 서원구,2
972,FF2C5711560CA5C1CB919BA96CA03445621347960726EBC3959F676AE453301E,1st_time,청주시 흥덕구,2
973,FF2C5711560CA5C1CB919BA96CA03445621347960726EBC3959F676AE453301E,2nd_time,청주시 흥덕구,16
974,FF6C971FC635BC906BAE706FF9F33C6F86FD3781AF6E6EF1023745D112C5E8DA,1st_time,강남구,3
975,FF6C971FC635BC906BAE706FF9F33C6F86FD3781AF6E6EF1023745D112C5E8DA,1st_time,서초구,17
976,FF6C971FC635BC906BAE706FF9F33C6F86FD3781AF6E6EF1023745D112C5E8DA,2nd_time,강남구,14
977,FF6C971FC635BC906BAE706FF9F33C6F86FD3781AF6E6EF1023745D112C5E8DA,2nd_time,과천시,1
978,FF6C971FC635BC906BAE706FF9F33C6F86FD3781AF6E6EF1023745D112C5E8DA,2nd_time,서초구,41
